"Longitude (x)","Latitude (y)","Station Name","Climate ID","Date/Time (LST)","Year","Month","Day","Time (LST)","Temp (°C)","Temp Flag","Dew Point Temp (°C)","Dew Point Temp Flag","Rel Hum (%)","Rel Hum Flag","Precip. Amount (mm)","Precip. Amount Flag","Wind Dir (10s deg)","Wind Dir Flag","Wind Spd (km/h)","Wind Spd Flag","Visibility (km)","Visibility Flag","Stn Press (kPa)","Stn Press Flag","Hmdx","Hmdx Flag","Wind Chill","Wind Chill Flag","Weather"
"-111.22","56.65","FORT MCMURRAY A","3062697","2011-10-01 00:00","2011","10","01","00:00"
"-111.22","56.65","FORT MCMURRAY A","3062697","2011-10-01 01:00","2011","10","01","01:00"
"-111.22","56.65","FORT MCMURRAY A","3062697","2011-10-01 02:00","2011","10","01","02:00"
"-111.22","56.65","FORT MCMURRAY A","3062697","2011-10-01 03:00","2011","10","01","03:00"
"-111.22","56.65","FORT MCMURRAY A","3062697","2011-10-01 04:00","2011","10","01","04:00"
"-111.22","56.65","FORT MCMURRAY A","3062697","2011-10-01 05:00","2011","10","01","05:00"
"-111.22","56.65","FORT MCMURRAY A","3062697","2011-10-01 06:00","2011","10","01","06:00"
"-111.22","56.65","FORT MCMURRAY A","3062697","2011-10-01 07:00","2011","10","01","07:00"
"-111.22","56.65","FORT MCMURRAY A","3062697","2011-10-01 08:00","2011","10","01","08:00"
"-111.22","56.65","FORT MCMURRAY A","3062697","2011-10-01 09:00","2011","10","01","09:00"
"-111.22","56.65","FORT MCMURRAY A","3062697","2011-10-01 10:00","2011","10","01","10:00"
"-111.22","56.65","FORT MCMURRAY A","3062697","2011-10-01 11:00","2011","10","01","11:00"
"-111.22","56.65","FORT MCMURRAY A","3062697","2011-10-01 12:00","2011","10","01","12:00"
"-111.22","56.65","FORT MCMURRAY A","3062697","2011-10-01 13:00","2011","10","01","13:00"
"-111.22","56.65","FORT MCMURRAY A","3062697","2011-10-01 14:00","2011","10","01","14:00"
"-111.22","56.65","FORT MCMURRAY A","3062697","2011-10-01 15:00","2011","10","01","15:00"
"-111.22","56.65","FORT MCMURRAY A","3062697","2011-10-01 16:00","2011","10","01","16:00"
"-111.22","56.65","FORT MCMURRAY A","3062697","2011-10-01 17:00","2011","10","01","17:00"
"-111.22","56.65","FORT MCMURRAY A","3062697","2011-10-01 18:00","2011","10","01","18:00"
"-111.22","56.65","FORT MCMURRAY A","3062697","2011-10-01 19:00","2011","10","01","19:00"
"-111.22","56.65","FORT MCMURRAY A","3062697","2011-10-01 20:00","2011","10","01","20:00"
"-111.22","56.65","FORT MCMURRAY A","3062697","2011-10-01 21:00","2011","10","01","21:00"
"-111.22","56.65","FORT MCMURRAY A","3062697","2011-10-01 22:00","2011","10","01","22:00"
"-111.22","56.65","FORT MCMURRAY A","3062697","2011-10-01 23:00","2011","10","01","23:00"
"-111.22","56.65","FORT MCMURRAY A","3062697","2011-10-02 00:00","2011","10","02","00:00"
"-111.22","56.65","FORT MCMURRAY A","3062697","2011-10-02 01:00","2011","10","02","01:00"
"-111.22","56.65","FORT MCMURRAY A","3062697","2011-10-02 02:00","2011","10","02","02:00"
"-111.22","56.65","FORT MCMURRAY A","3062697","2011-10-02 03:00","2011","10","02","03:00"
"-111.22","56.65","FORT MCMURRAY A","3062697","2011-10-02 04:00","2011","10","02","04:00"
"-111.22","56.65","FORT MCMURRAY A","3062697","2011-10-02 05:00","2011","10","02","05:00"
"-111.22","56.65","FORT MCMURRAY A","3062697","2011-10-02 06:00","2011","10","02","06:00"
"-111.22","56.65","FORT MCMURRAY A","3062697","2011-10-02 07:00","2011","10","02","07:00"
"-111.22","56.65","FORT MCMURRAY A","3062697","2011-10-02 08:00","2011","10","02","08:00"
"-111.22","56.65","FORT MCMURRAY A","3062697","2011-10-02 09:00","2011","10","02","09:00"
"-111.22","56.65","FORT MCMURRAY A","3062697","2011-10-02 10:00","2011","10","02","10:00"
"-111.22","56.65","FORT MCMURRAY A","3062697","2011-10-02 11:00","2011","10","02","11:00"
"-111.22","56.65","FORT MCMURRAY A","3062697","2011-10-02 12:00","2011","10","02","12:00"
"-111.22","56.65","FORT MCMURRAY A","3062697","2011-10-02 13:00","2011","10","02","13:00"
"-111.22","56.65","FORT MCMURRAY A","3062697","2011-10-02 14:00","2011","10","02","14:00"
"-111.22","56.65","FORT MCMURRAY A","3062697","2011-10-02 15:00","2011","10","02","15:00"
"-111.22","56.65","FORT MCMURRAY A","3062697","2011-10-02 16:00","2011","10","02","16:00"
"-111.22","56.65","FORT MCMURRAY A","3062697","2011-10-02 17:00","2011","10","02","17:00"
"-111.22","56.65","FORT MCMURRAY A","3062697","2011-10-02 18:00","2011","10","02","18:00"
"-111.22","56.65","FORT MCMURRAY A","3062697","2011-10-02 19:00","2011","10","02","19:00"
"-111.22","56.65","FORT MCMURRAY A","3062697","2011-10-02 20:00","2011","10","02","20:00"
"-111.22","56.65","FORT MCMURRAY A","3062697","2011-10-02 21:00","2011","10","02","21:00"
"-111.22","56.65","FORT MCMURRAY A","3062697","2011-10-02 22:00","2011","10","02","22:00"
"-111.22","56.65","FORT MCMURRAY A","3062697","2011-10-02 23:00","2011","10","02","23:00"
"-111.22","56.65","FORT MCMURRAY A","3062697","2011-10-03 00:00","2011","10","03","00:00"
"-111.22","56.65","FORT MCMURRAY A","3062697","2011-10-03 01:00","2011","10","03","01:00"
"-111.22","56.65","FORT MCMURRAY A","3062697","2011-10-03 02:00","2011","10","03","02:00"
"-111.22","56.65","FORT MCMURRAY A","3062697","2011-10-03 03:00","2011","10","03","03:00"
"-111.22","56.65","FORT MCMURRAY A","3062697","2011-10-03 04:00","2011","10","03","04:00"
"-111.22","56.65","FORT MCMURRAY A","3062697","2011-10-03 05:00","2011","10","03","05:00"
"-111.22","56.65","FORT MCMURRAY A","3062697","2011-10-03 06:00","2011","10","03","06:00"
"-111.22","56.65","FORT MCMURRAY A","3062697","2011-10-03 07:00","2011","10","03","07:00"
"-111.22","56.65","FORT MCMURRAY A","3062697","2011-10-03 08:00","2011","10","03","08:00"
"-111.22","56.65","FORT MCMURRAY A","3062697","2011-10-03 09:00","2011","10","03","09:00"
"-111.22","56.65","FORT MCMURRAY A","3062697","2011-10-03 10:00","2011","10","03","10:00"
"-111.22","56.65","FORT MCMURRAY A","3062697","2011-10-03 11:00","2011","10","03","11:00"
"-111.22","56.65","FORT MCMURRAY A","3062697","2011-10-03 12:00","2011","10","03","12:00"
"-111.22","56.65","FORT MCMURRAY A","3062697","2011-10-03 13:00","2011","10","03","13:00"
"-111.22","56.65","FORT MCMURRAY A","3062697","2011-10-03 14:00","2011","10","03","14:00"
"-111.22","56.65","FORT MCMURRAY A","3062697","2011-10-03 15:00","2011","10","03","15:00"
"-111.22","56.65","FORT MCMURRAY A","3062697","2011-10-03 16:00","2011","10","03","16:00"
"-111.22","56.65","FORT MCMURRAY A","3062697","2011-10-03 17:00","2011","10","03","17:00"
"-111.22","56.65","FORT MCMURRAY A","3062697","2011-10-03 18:00","2011","10","03","18:00"
"-111.22","56.65","FORT MCMURRAY A","3062697","2011-10-03 19:00","2011","10","03","19:00"
"-111.22","56.65","FORT MCMURRAY A","3062697","2011-10-03 20:00","2011","10","03","20:00"
"-111.22","56.65","FORT MCMURRAY A","3062697","2011-10-03 21:00","2011","10","03","21:00"
"-111.22","56.65","FORT MCMURRAY A","3062697","2011-10-03 22:00","2011","10","03","22:00"
"-111.22","56.65","FORT MCMURRAY A","3062697","2011-10-03 23:00","2011","10","03","23:00"
"-111.22","56.65","FORT MCMURRAY A","3062697","2011-10-04 00:00","2011","10","04","00:00"
"-111.22","56.65","FORT MCMURRAY A","3062697","2011-10-04 01:00","2011","10","04","01:00"
"-111.22","56.65","FORT MCMURRAY A","3062697","2011-10-04 02:00","2011","10","04","02:00"
"-111.22","56.65","FORT MCMURRAY A","3062697","2011-10-04 03:00","2011","10","04","03:00"
"-111.22","56.65","FORT MCMURRAY A","3062697","2011-10-04 04:00","2011","10","04","04:00"
"-111.22","56.65","FORT MCMURRAY A","3062697","2011-10-04 05:00","2011","10","04","05:00"
"-111.22","56.65","FORT MCMURRAY A","3062697","2011-10-04 06:00","2011","10","04","06:00"
"-111.22","56.65","FORT MCMURRAY A","3062697","2011-10-04 07:00","2011","10","04","07:00"
"-111.22","56.65","FORT MCMURRAY A","3062697","2011-10-04 08:00","2011","10","04","08:00"
"-111.22","56.65","FORT MCMURRAY A","3062697","2011-10-04 09:00","2011","10","04","09:00"
"-111.22","56.65","FORT MCMURRAY A","3062697","2011-10-04 10:00","2011","10","04","10:00"
"-111.22","56.65","FORT MCMURRAY A","3062697","2011-10-04 11:00","2011","10","04","11:00"
"-111.22","56.65","FORT MCMURRAY A","3062697","2011-10-04 12:00","2011","10","04","12:00"
"-111.22","56.65","FORT MCMURRAY A","3062697","2011-10-04 13:00","2011","10","04","13:00"
"-111.22","56.65","FORT MCMURRAY A","3062697","2011-10-04 14:00","2011","10","04","14:00"
"-111.22","56.65","FORT MCMURRAY A","3062697","2011-10-04 15:00","2011","10","04","15:00"
"-111.22","56.65","FORT MCMURRAY A","3062697","2011-10-04 16:00","2011","10","04","16:00"
"-111.22","56.65","FORT MCMURRAY A","3062697","2011-10-04 17:00","2011","10","04","17:00"
"-111.22","56.65","FORT MCMURRAY A","3062697","2011-10-04 18:00","2011","10","04","18:00"
"-111.22","56.65","FORT MCMURRAY A","3062697","2011-10-04 19:00","2011","10","04","19:00"
"-111.22","56.65","FORT MCMURRAY A","3062697","2011-10-04 20:00","2011","10","04","20:00"
"-111.22","56.65","FORT MCMURRAY A","3062697","2011-10-04 21:00","2011","10","04","21:00"
"-111.22","56.65","FORT MCMURRAY A","3062697","2011-10-04 22:00","2011","10","04","22:00"
"-111.22","56.65","FORT MCMURRAY A","3062697","2011-10-04 23:00","2011","10","04","23:00"
"-111.22","56.65","FORT MCMURRAY A","3062697","2011-10-05 00:00","2011","10","05","00:00"
"-111.22","56.65","FORT MCMURRAY A","3062697","2011-10-05 01:00","2011","10","05","01:00"
"-111.22","56.65","FORT MCMURRAY A","3062697","2011-10-05 02:00","2011","10","05","02:00"
"-111.22","56.65","FORT MCMURRAY A","3062697","2011-10-05 03:00","2011","10","05","03:00"
"-111.22","56.65","FORT MCMURRAY A","3062697","2011-10-05 04:00","2011","10","05","04:00"
"-111.22","56.65","FORT MCMURRAY A","3062697","2011-10-05 05:00","2011","10","05","05:00"
"-111.22","56.65","FORT MCMURRAY A","3062697","2011-10-05 06:00","2011","10","05","06:00"
"-111.22","56.65","FORT MCMURRAY A","3062697","2011-10-05 07:00","2011","10","05","07:00"
"-111.22","56.65","FORT MCMURRAY A","3062697","2011-10-05 08:00","2011","10","05","08:00"
"-111.22","56.65","FORT MCMURRAY A","3062697","2011-10-05 09:00","2011","10","05","09:00"
"-111.22","56.65","FORT MCMURRAY A","3062697","2011-10-05 10:00","2011","10","05","10:00"
"-111.22","56.65","FORT MCMURRAY A","3062697","2011-10-05 11:00","2011","10","05","11:00"
"-111.22","56.65","FORT MCMURRAY A","3062697","2011-10-05 12:00","2011","10","05","12:00"
"-111.22","56.65","FORT MCMURRAY A","3062697","2011-10-05 13:00","2011","10","05","13:00"
"-111.22","56.65","FORT MCMURRAY A","3062697","2011-10-05 14:00","2011","10","05","14:00"
"-111.22","56.65","FORT MCMURRAY A","3062697","2011-10-05 15:00","2011","10","05","15:00"
"-111.22","56.65","FORT MCMURRAY A","3062697","2011-10-05 16:00","2011","10","05","16:00"
"-111.22","56.65","FORT MCMURRAY A","3062697","2011-10-05 17:00","2011","10","05","17:00"
"-111.22","56.65","FORT MCMURRAY A","3062697","2011-10-05 18:00","2011","10","05","18:00"
"-111.22","56.65","FORT MCMURRAY A","3062697","2011-10-05 19:00","2011","10","05","19:00"
"-111.22","56.65","FORT MCMURRAY A","3062697","2011-10-05 20:00","2011","10","05","20:00"
"-111.22","56.65","FORT MCMURRAY A","3062697","2011-10-05 21:00","2011","10","05","21:00"
"-111.22","56.65","FORT MCMURRAY A","3062697","2011-10-05 22:00","2011","10","05","22:00"
"-111.22","56.65","FORT MCMURRAY A","3062697","2011-10-05 23:00","2011","10","05","23:00"
"-111.22","56.65","FORT MCMURRAY A","3062697","2011-10-06 00:00","2011","10","06","00:00"
"-111.22","56.65","FORT MCMURRAY A","3062697","2011-10-06 01:00","2011","10","06","01:00"
"-111.22","56.65","FORT MCMURRAY A","3062697","2011-10-06 02:00","2011","10","06","02:00"
"-111.22","56.65","FORT MCMURRAY A","3062697","2011-10-06 03:00","2011","10","06","03:00"
"-111.22","56.65","FORT MCMURRAY A","3062697","2011-10-06 04:00","2011","10","06","04:00"
"-111.22","56.65","FORT MCMURRAY A","3062697","2011-10-06 05:00","2011","10","06","05:00"
"-111.22","56.65","FORT MCMURRAY A","3062697","2011-10-06 06:00","2011","10","06","06:00"
"-111.22","56.65","FORT MCMURRAY A","3062697","2011-10-06 07:00","2011","10","06","07:00"
"-111.22","56.65","FORT MCMURRAY A","3062697","2011-10-06 08:00","2011","10","06","08:00"
"-111.22","56.65","FORT MCMURRAY A","3062697","2011-10-06 09:00","2011","10","06","09:00"
"-111.22","56.65","FORT MCMURRAY A","3062697","2011-10-06 10:00","2011","10","06","10:00"
"-111.22","56.65","FORT MCMURRAY A","3062697","2011-10-06 11:00","2011","10","06","11:00"
"-111.22","56.65","FORT MCMURRAY A","3062697","2011-10-06 12:00","2011","10","06","12:00"
"-111.22","56.65","FORT MCMURRAY A","3062697","2011-10-06 13:00","2011","10","06","13:00"
"-111.22","56.65","FORT MCMURRAY A","3062697","2011-10-06 14:00","2011","10","06","14:00"
"-111.22","56.65","FORT MCMURRAY A","3062697","2011-10-06 15:00","2011","10","06","15:00"
"-111.22","56.65","FORT MCMURRAY A","3062697","2011-10-06 16:00","2011","10","06","16:00"
"-111.22","56.65","FORT MCMURRAY A","3062697","2011-10-06 17:00","2011","10","06","17:00"
"-111.22","56.65","FORT MCMURRAY A","3062697","2011-10-06 18:00","2011","10","06","18:00"
"-111.22","56.65","FORT MCMURRAY A","3062697","2011-10-06 19:00","2011","10","06","19:00"
"-111.22","56.65","FORT MCMURRAY A","3062697","2011-10-06 20:00","2011","10","06","20:00"
"-111.22","56.65","FORT MCMURRAY A","3062697","2011-10-06 21:00","2011","10","06","21:00"
"-111.22","56.65","FORT MCMURRAY A","3062697","2011-10-06 22:00","2011","10","06","22:00"
"-111.22","56.65","FORT MCMURRAY A","3062697","2011-10-06 23:00","2011","10","06","23:00"
"-111.22","56.65","FORT MCMURRAY A","3062697","2011-10-07 00:00","2011","10","07","00:00"
"-111.22","56.65","FORT MCMURRAY A","3062697","2011-10-07 01:00","2011","10","07","01:00"
"-111.22","56.65","FORT MCMURRAY A","3062697","2011-10-07 02:00","2011","10","07","02:00"
"-111.22","56.65","FORT MCMURRAY A","3062697","2011-10-07 03:00","2011","10","07","03:00"
"-111.22","56.65","FORT MCMURRAY A","3062697","2011-10-07 04:00","2011","10","07","04:00"
"-111.22","56.65","FORT MCMURRAY A","3062697","2011-10-07 05:00","2011","10","07","05:00"
"-111.22","56.65","FORT MCMURRAY A","3062697","2011-10-07 06:00","2011","10","07","06:00"
"-111.22","56.65","FORT MCMURRAY A","3062697","2011-10-07 07:00","2011","10","07","07:00"
"-111.22","56.65","FORT MCMURRAY A","3062697","2011-10-07 08:00","2011","10","07","08:00"
"-111.22","56.65","FORT MCMURRAY A","3062697","2011-10-07 09:00","2011","10","07","09:00"
"-111.22","56.65","FORT MCMURRAY A","3062697","2011-10-07 10:00","2011","10","07","10:00"
"-111.22","56.65","FORT MCMURRAY A","3062697","2011-10-07 11:00","2011","10","07","11:00"
"-111.22","56.65","FORT MCMURRAY A","3062697","2011-10-07 12:00","2011","10","07","12:00"
"-111.22","56.65","FORT MCMURRAY A","3062697","2011-10-07 13:00","2011","10","07","13:00"
"-111.22","56.65","FORT MCMURRAY A","3062697","2011-10-07 14:00","2011","10","07","14:00"
"-111.22","56.65","FORT MCMURRAY A","3062697","2011-10-07 15:00","2011","10","07","15:00"
"-111.22","56.65","FORT MCMURRAY A","3062697","2011-10-07 16:00","2011","10","07","16:00"
"-111.22","56.65","FORT MCMURRAY A","3062697","2011-10-07 17:00","2011","10","07","17:00"
"-111.22","56.65","FORT MCMURRAY A","3062697","2011-10-07 18:00","2011","10","07","18:00"
"-111.22","56.65","FORT MCMURRAY A","3062697","2011-10-07 19:00","2011","10","07","19:00"
"-111.22","56.65","FORT MCMURRAY A","3062697","2011-10-07 20:00","2011","10","07","20:00"
"-111.22","56.65","FORT MCMURRAY A","3062697","2011-10-07 21:00","2011","10","07","21:00"
"-111.22","56.65","FORT MCMURRAY A","3062697","2011-10-07 22:00","2011","10","07","22:00"
"-111.22","56.65","FORT MCMURRAY A","3062697","2011-10-07 23:00","2011","10","07","23:00"
"-111.22","56.65","FORT MCMURRAY A","3062697","2011-10-08 00:00","2011","10","08","00:00"
"-111.22","56.65","FORT MCMURRAY A","3062697","2011-10-08 01:00","2011","10","08","01:00"
"-111.22","56.65","FORT MCMURRAY A","3062697","2011-10-08 02:00","2011","10","08","02:00"
"-111.22","56.65","FORT MCMURRAY A","3062697","2011-10-08 03:00","2011","10","08","03:00"
"-111.22","56.65","FORT MCMURRAY A","3062697","2011-10-08 04:00","2011","10","08","04:00"
"-111.22","56.65","FORT MCMURRAY A","3062697","2011-10-08 05:00","2011","10","08","05:00"
"-111.22","56.65","FORT MCMURRAY A","3062697","2011-10-08 06:00","2011","10","08","06:00"
"-111.22","56.65","FORT MCMURRAY A","3062697","2011-10-08 07:00","2011","10","08","07:00"
"-111.22","56.65","FORT MCMURRAY A","3062697","2011-10-08 08:00","2011","10","08","08:00"
"-111.22","56.65","FORT MCMURRAY A","3062697","2011-10-08 09:00","2011","10","08","09:00"
"-111.22","56.65","FORT MCMURRAY A","3062697","2011-10-08 10:00","2011","10","08","10:00"
"-111.22","56.65","FORT MCMURRAY A","3062697","2011-10-08 11:00","2011","10","08","11:00"
"-111.22","56.65","FORT MCMURRAY A","3062697","2011-10-08 12:00","2011","10","08","12:00"
"-111.22","56.65","FORT MCMURRAY A","3062697","2011-10-08 13:00","2011","10","08","13:00"
"-111.22","56.65","FORT MCMURRAY A","3062697","2011-10-08 14:00","2011","10","08","14:00"
"-111.22","56.65","FORT MCMURRAY A","3062697","2011-10-08 15:00","2011","10","08","15:00"
"-111.22","56.65","FORT MCMURRAY A","3062697","2011-10-08 16:00","2011","10","08","16:00"
"-111.22","56.65","FORT MCMURRAY A","3062697","2011-10-08 17:00","2011","10","08","17:00"
"-111.22","56.65","FORT MCMURRAY A","3062697","2011-10-08 18:00","2011","10","08","18:00"
"-111.22","56.65","FORT MCMURRAY A","3062697","2011-10-08 19:00","2011","10","08","19:00"
"-111.22","56.65","FORT MCMURRAY A","3062697","2011-10-08 20:00","2011","10","08","20:00"
"-111.22","56.65","FORT MCMURRAY A","3062697","2011-10-08 21:00","2011","10","08","21:00"
"-111.22","56.65","FORT MCMURRAY A","3062697","2011-10-08 22:00","2011","10","08","22:00"
"-111.22","56.65","FORT MCMURRAY A","3062697","2011-10-08 23:00","2011","10","08","23:00"
"-111.22","56.65","FORT MCMURRAY A","3062697","2011-10-09 00:00","2011","10","09","00:00"
"-111.22","56.65","FORT MCMURRAY A","3062697","2011-10-09 01:00","2011","10","09","01:00"
"-111.22","56.65","FORT MCMURRAY A","3062697","2011-10-09 02:00","2011","10","09","02:00"
"-111.22","56.65","FORT MCMURRAY A","3062697","2011-10-09 03:00","2011","10","09","03:00"
"-111.22","56.65","FORT MCMURRAY A","3062697","2011-10-09 04:00","2011","10","09","04:00"
"-111.22","56.65","FORT MCMURRAY A","3062697","2011-10-09 05:00","2011","10","09","05:00"
"-111.22","56.65","FORT MCMURRAY A","3062697","2011-10-09 06:00","2011","10","09","06:00"
"-111.22","56.65","FORT MCMURRAY A","3062697","2011-10-09 07:00","2011","10","09","07:00"
"-111.22","56.65","FORT MCMURRAY A","3062697","2011-10-09 08:00","2011","10","09","08:00"
"-111.22","56.65","FORT MCMURRAY A","3062697","2011-10-09 09:00","2011","10","09","09:00"
"-111.22","56.65","FORT MCMURRAY A","3062697","2011-10-09 10:00","2011","10","09","10:00"
"-111.22","56.65","FORT MCMURRAY A","3062697","2011-10-09 11:00","2011","10","09","11:00"
"-111.22","56.65","FORT MCMURRAY A","3062697","2011-10-09 12:00","2011","10","09","12:00"
"-111.22","56.65","FORT MCMURRAY A","3062697","2011-10-09 13:00","2011","10","09","13:00"
"-111.22","56.65","FORT MCMURRAY A","3062697","2011-10-09 14:00","2011","10","09","14:00"
"-111.22","56.65","FORT MCMURRAY A","3062697","2011-10-09 15:00","2011","10","09","15:00"
"-111.22","56.65","FORT MCMURRAY A","3062697","2011-10-09 16:00","2011","10","09","16:00"
"-111.22","56.65","FORT MCMURRAY A","3062697","2011-10-09 17:00","2011","10","09","17:00"
"-111.22","56.65","FORT MCMURRAY A","3062697","2011-10-09 18:00","2011","10","09","18:00"
"-111.22","56.65","FORT MCMURRAY A","3062697","2011-10-09 19:00","2011","10","09","19:00"
"-111.22","56.65","FORT MCMURRAY A","3062697","2011-10-09 20:00","2011","10","09","20:00"
"-111.22","56.65","FORT MCMURRAY A","3062697","2011-10-09 21:00","2011","10","09","21:00"
"-111.22","56.65","FORT MCMURRAY A","3062697","2011-10-09 22:00","2011","10","09","22:00"
"-111.22","56.65","FORT MCMURRAY A","3062697","2011-10-09 23:00","2011","10","09","23:00"
"-111.22","56.65","FORT MCMURRAY A","3062697","2011-10-10 00:00","2011","10","10","00:00"
"-111.22","56.65","FORT MCMURRAY A","3062697","2011-10-10 01:00","2011","10","10","01:00"
"-111.22","56.65","FORT MCMURRAY A","3062697","2011-10-10 02:00","2011","10","10","02:00"
"-111.22","56.65","FORT MCMURRAY A","3062697","2011-10-10 03:00","2011","10","10","03:00"
"-111.22","56.65","FORT MCMURRAY A","3062697","2011-10-10 04:00","2011","10","10","04:00"
"-111.22","56.65","FORT MCMURRAY A","3062697","2011-10-10 05:00","2011","10","10","05:00"
"-111.22","56.65","FORT MCMURRAY A","3062697","2011-10-10 06:00","2011","10","10","06:00"
"-111.22","56.65","FORT MCMURRAY A","3062697","2011-10-10 07:00","2011","10","10","07:00"
"-111.22","56.65","FORT MCMURRAY A","3062697","2011-10-10 08:00","2011","10","10","08:00"
"-111.22","56.65","FORT MCMURRAY A","3062697","2011-10-10 09:00","2011","10","10","09:00"
"-111.22","56.65","FORT MCMURRAY A","3062697","2011-10-10 10:00","2011","10","10","10:00"
"-111.22","56.65","FORT MCMURRAY A","3062697","2011-10-10 11:00","2011","10","10","11:00"
"-111.22","56.65","FORT MCMURRAY A","3062697","2011-10-10 12:00","2011","10","10","12:00"
"-111.22","56.65","FORT MCMURRAY A","3062697","2011-10-10 13:00","2011","10","10","13:00"
"-111.22","56.65","FORT MCMURRAY A","3062697","2011-10-10 14:00","2011","10","10","14:00"
"-111.22","56.65","FORT MCMURRAY A","3062697","2011-10-10 15:00","2011","10","10","15:00"
"-111.22","56.65","FORT MCMURRAY A","3062697","2011-10-10 16:00","2011","10","10","16:00"
"-111.22","56.65","FORT MCMURRAY A","3062697","2011-10-10 17:00","2011","10","10","17:00"
"-111.22","56.65","FORT MCMURRAY A","3062697","2011-10-10 18:00","2011","10","10","18:00"
"-111.22","56.65","FORT MCMURRAY A","3062697","2011-10-10 19:00","2011","10","10","19:00"
"-111.22","56.65","FORT MCMURRAY A","3062697","2011-10-10 20:00","2011","10","10","20:00"
"-111.22","56.65","FORT MCMURRAY A","3062697","2011-10-10 21:00","2011","10","10","21:00"
"-111.22","56.65","FORT MCMURRAY A","3062697","2011-10-10 22:00","2011","10","10","22:00"
"-111.22","56.65","FORT MCMURRAY A","3062697","2011-10-10 23:00","2011","10","10","23:00"
"-111.22","56.65","FORT MCMURRAY A","3062697","2011-10-11 00:00","2011","10","11","00:00"
"-111.22","56.65","FORT MCMURRAY A","3062697","2011-10-11 01:00","2011","10","11","01:00"
"-111.22","56.65","FORT MCMURRAY A","3062697","2011-10-11 02:00","2011","10","11","02:00"
"-111.22","56.65","FORT MCMURRAY A","3062697","2011-10-11 03:00","2011","10","11","03:00"
"-111.22","56.65","FORT MCMURRAY A","3062697","2011-10-11 04:00","2011","10","11","04:00"
"-111.22","56.65","FORT MCMURRAY A","3062697","2011-10-11 05:00","2011","10","11","05:00"
"-111.22","56.65","FORT MCMURRAY A","3062697","2011-10-11 06:00","2011","10","11","06:00"
"-111.22","56.65","FORT MCMURRAY A","3062697","2011-10-11 07:00","2011","10","11","07:00"
"-111.22","56.65","FORT MCMURRAY A","3062697","2011-10-11 08:00","2011","10","11","08:00"
"-111.22","56.65","FORT MCMURRAY A","3062697","2011-10-11 09:00","2011","10","11","09:00"
"-111.22","56.65","FORT MCMURRAY A","3062697","2011-10-11 10:00","2011","10","11","10:00"
"-111.22","56.65","FORT MCMURRAY A","3062697","2011-10-11 11:00","2011","10","11","11:00"
"-111.22","56.65","FORT MCMURRAY A","3062697","2011-10-11 12:00","2011","10","11","12:00"
"-111.22","56.65","FORT MCMURRAY A","3062697","2011-10-11 13:00","2011","10","11","13:00"
"-111.22","56.65","FORT MCMURRAY A","3062697","2011-10-11 14:00","2011","10","11","14:00"
"-111.22","56.65","FORT MCMURRAY A","3062697","2011-10-11 15:00","2011","10","11","15:00"
"-111.22","56.65","FORT MCMURRAY A","3062697","2011-10-11 16:00","2011","10","11","16:00"
"-111.22","56.65","FORT MCMURRAY A","3062697","2011-10-11 17:00","2011","10","11","17:00"
"-111.22","56.65","FORT MCMURRAY A","3062697","2011-10-11 18:00","2011","10","11","18:00"
"-111.22","56.65","FORT MCMURRAY A","3062697","2011-10-11 19:00","2011","10","11","19:00"
"-111.22","56.65","FORT MCMURRAY A","3062697","2011-10-11 20:00","2011","10","11","20:00"
"-111.22","56.65","FORT MCMURRAY A","3062697","2011-10-11 21:00","2011","10","11","21:00"
"-111.22","56.65","FORT MCMURRAY A","3062697","2011-10-11 22:00","2011","10","11","22:00"
"-111.22","56.65","FORT MCMURRAY A","3062697","2011-10-11 23:00","2011","10","11","23:00"
"-111.22","56.65","FORT MCMURRAY A","3062697","2011-10-12 00:00","2011","10","12","00:00"
"-111.22","56.65","FORT MCMURRAY A","3062697","2011-10-12 01:00","2011","10","12","01:00"
"-111.22","56.65","FORT MCMURRAY A","3062697","2011-10-12 02:00","2011","10","12","02:00"
"-111.22","56.65","FORT MCMURRAY A","3062697","2011-10-12 03:00","2011","10","12","03:00"
"-111.22","56.65","FORT MCMURRAY A","3062697","2011-10-12 04:00","2011","10","12","04:00"
"-111.22","56.65","FORT MCMURRAY A","3062697","2011-10-12 05:00","2011","10","12","05:00"
"-111.22","56.65","FORT MCMURRAY A","3062697","2011-10-12 06:00","2011","10","12","06:00"
"-111.22","56.65","FORT MCMURRAY A","3062697","2011-10-12 07:00","2011","10","12","07:00"
"-111.22","56.65","FORT MCMURRAY A","3062697","2011-10-12 08:00","2011","10","12","08:00"
"-111.22","56.65","FORT MCMURRAY A","3062697","2011-10-12 09:00","2011","10","12","09:00"
"-111.22","56.65","FORT MCMURRAY A","3062697","2011-10-12 10:00","2011","10","12","10:00"
"-111.22","56.65","FORT MCMURRAY A","3062697","2011-10-12 11:00","2011","10","12","11:00"
"-111.22","56.65","FORT MCMURRAY A","3062697","2011-10-12 12:00","2011","10","12","12:00"
"-111.22","56.65","FORT MCMURRAY A","3062697","2011-10-12 13:00","2011","10","12","13:00"
"-111.22","56.65","FORT MCMURRAY A","3062697","2011-10-12 14:00","2011","10","12","14:00"
"-111.22","56.65","FORT MCMURRAY A","3062697","2011-10-12 15:00","2011","10","12","15:00"
"-111.22","56.65","FORT MCMURRAY A","3062697","2011-10-12 16:00","2011","10","12","16:00"
"-111.22","56.65","FORT MCMURRAY A","3062697","2011-10-12 17:00","2011","10","12","17:00"
"-111.22","56.65","FORT MCMURRAY A","3062697","2011-10-12 18:00","2011","10","12","18:00"
"-111.22","56.65","FORT MCMURRAY A","3062697","2011-10-12 19:00","2011","10","12","19:00"
"-111.22","56.65","FORT MCMURRAY A","3062697","2011-10-12 20:00","2011","10","12","20:00"
"-111.22","56.65","FORT MCMURRAY A","3062697","2011-10-12 21:00","2011","10","12","21:00"
"-111.22","56.65","FORT MCMURRAY A","3062697","2011-10-12 22:00","2011","10","12","22:00"
"-111.22","56.65","FORT MCMURRAY A","3062697","2011-10-12 23:00","2011","10","12","23:00"
"-111.22","56.65","FORT MCMURRAY A","3062697","2011-10-13 00:00","2011","10","13","00:00"
"-111.22","56.65","FORT MCMURRAY A","3062697","2011-10-13 01:00","2011","10","13","01:00"
"-111.22","56.65","FORT MCMURRAY A","3062697","2011-10-13 02:00","2011","10","13","02:00"
"-111.22","56.65","FORT MCMURRAY A","3062697","2011-10-13 03:00","2011","10","13","03:00"
"-111.22","56.65","FORT MCMURRAY A","3062697","2011-10-13 04:00","2011","10","13","04:00"
"-111.22","56.65","FORT MCMURRAY A","3062697","2011-10-13 05:00","2011","10","13","05:00"
"-111.22","56.65","FORT MCMURRAY A","3062697","2011-10-13 06:00","2011","10","13","06:00"
"-111.22","56.65","FORT MCMURRAY A","3062697","2011-10-13 07:00","2011","10","13","07:00"
"-111.22","56.65","FORT MCMURRAY A","3062697","2011-10-13 08:00","2011","10","13","08:00"
"-111.22","56.65","FORT MCMURRAY A","3062697","2011-10-13 09:00","2011","10","13","09:00"
"-111.22","56.65","FORT MCMURRAY A","3062697","2011-10-13 10:00","2011","10","13","10:00"
"-111.22","56.65","FORT MCMURRAY A","3062697","2011-10-13 11:00","2011","10","13","11:00"
"-111.22","56.65","FORT MCMURRAY A","3062697","2011-10-13 12:00","2011","10","13","12:00"
"-111.22","56.65","FORT MCMURRAY A","3062697","2011-10-13 13:00","2011","10","13","13:00"
"-111.22","56.65","FORT MCMURRAY A","3062697","2011-10-13 14:00","2011","10","13","14:00"
"-111.22","56.65","FORT MCMURRAY A","3062697","2011-10-13 15:00","2011","10","13","15:00"
"-111.22","56.65","FORT MCMURRAY A","3062697","2011-10-13 16:00","2011","10","13","16:00"
"-111.22","56.65","FORT MCMURRAY A","3062697","2011-10-13 17:00","2011","10","13","17:00"
"-111.22","56.65","FORT MCMURRAY A","3062697","2011-10-13 18:00","2011","10","13","18:00"
"-111.22","56.65","FORT MCMURRAY A","3062697","2011-10-13 19:00","2011","10","13","19:00"
"-111.22","56.65","FORT MCMURRAY A","3062697","2011-10-13 20:00","2011","10","13","20:00"
"-111.22","56.65","FORT MCMURRAY A","3062697","2011-10-13 21:00","2011","10","13","21:00"
"-111.22","56.65","FORT MCMURRAY A","3062697","2011-10-13 22:00","2011","10","13","22:00"
"-111.22","56.65","FORT MCMURRAY A","3062697","2011-10-13 23:00","2011","10","13","23:00"
"-111.22","56.65","FORT MCMURRAY A","3062697","2011-10-14 00:00","2011","10","14","00:00"
"-111.22","56.65","FORT MCMURRAY A","3062697","2011-10-14 01:00","2011","10","14","01:00"
"-111.22","56.65","FORT MCMURRAY A","3062697","2011-10-14 02:00","2011","10","14","02:00"
"-111.22","56.65","FORT MCMURRAY A","3062697","2011-10-14 03:00","2011","10","14","03:00"
"-111.22","56.65","FORT MCMURRAY A","3062697","2011-10-14 04:00","2011","10","14","04:00"
"-111.22","56.65","FORT MCMURRAY A","3062697","2011-10-14 05:00","2011","10","14","05:00"
"-111.22","56.65","FORT MCMURRAY A","3062697","2011-10-14 06:00","2011","10","14","06:00"
"-111.22","56.65","FORT MCMURRAY A","3062697","2011-10-14 07:00","2011","10","14","07:00"
"-111.22","56.65","FORT MCMURRAY A","3062697","2011-10-14 08:00","2011","10","14","08:00"
"-111.22","56.65","FORT MCMURRAY A","3062697","2011-10-14 09:00","2011","10","14","09:00"
"-111.22","56.65","FORT MCMURRAY A","3062697","2011-10-14 10:00","2011","10","14","10:00"
"-111.22","56.65","FORT MCMURRAY A","3062697","2011-10-14 11:00","2011","10","14","11:00"
"-111.22","56.65","FORT MCMURRAY A","3062697","2011-10-14 12:00","2011","10","14","12:00"
"-111.22","56.65","FORT MCMURRAY A","3062697","2011-10-14 13:00","2011","10","14","13:00"
"-111.22","56.65","FORT MCMURRAY A","3062697","2011-10-14 14:00","2011","10","14","14:00"
"-111.22","56.65","FORT MCMURRAY A","3062697","2011-10-14 15:00","2011","10","14","15:00"
"-111.22","56.65","FORT MCMURRAY A","3062697","2011-10-14 16:00","2011","10","14","16:00"
"-111.22","56.65","FORT MCMURRAY A","3062697","2011-10-14 17:00","2011","10","14","17:00"
"-111.22","56.65","FORT MCMURRAY A","3062697","2011-10-14 18:00","2011","10","14","18:00"
"-111.22","56.65","FORT MCMURRAY A","3062697","2011-10-14 19:00","2011","10","14","19:00"
"-111.22","56.65","FORT MCMURRAY A","3062697","2011-10-14 20:00","2011","10","14","20:00"
"-111.22","56.65","FORT MCMURRAY A","3062697","2011-10-14 21:00","2011","10","14","21:00"
"-111.22","56.65","FORT MCMURRAY A","3062697","2011-10-14 22:00","2011","10","14","22:00"
"-111.22","56.65","FORT MCMURRAY A","3062697","2011-10-14 23:00","2011","10","14","23:00"
"-111.22","56.65","FORT MCMURRAY A","3062697","2011-10-15 00:00","2011","10","15","00:00"
"-111.22","56.65","FORT MCMURRAY A","3062697","2011-10-15 01:00","2011","10","15","01:00"
"-111.22","56.65","FORT MCMURRAY A","3062697","2011-10-15 02:00","2011","10","15","02:00"
"-111.22","56.65","FORT MCMURRAY A","3062697","2011-10-15 03:00","2011","10","15","03:00"
"-111.22","56.65","FORT MCMURRAY A","3062697","2011-10-15 04:00","2011","10","15","04:00"
"-111.22","56.65","FORT MCMURRAY A","3062697","2011-10-15 05:00","2011","10","15","05:00"
"-111.22","56.65","FORT MCMURRAY A","3062697","2011-10-15 06:00","2011","10","15","06:00"
"-111.22","56.65","FORT MCMURRAY A","3062697","2011-10-15 07:00","2011","10","15","07:00"
"-111.22","56.65","FORT MCMURRAY A","3062697","2011-10-15 08:00","2011","10","15","08:00"
"-111.22","56.65","FORT MCMURRAY A","3062697","2011-10-15 09:00","2011","10","15","09:00"
"-111.22","56.65","FORT MCMURRAY A","3062697","2011-10-15 10:00","2011","10","15","10:00"
"-111.22","56.65","FORT MCMURRAY A","3062697","2011-10-15 11:00","2011","10","15","11:00"
"-111.22","56.65","FORT MCMURRAY A","3062697","2011-10-15 12:00","2011","10","15","12:00"
"-111.22","56.65","FORT MCMURRAY A","3062697","2011-10-15 13:00","2011","10","15","13:00"
"-111.22","56.65","FORT MCMURRAY A","3062697","2011-10-15 14:00","2011","10","15","14:00"
"-111.22","56.65","FORT MCMURRAY A","3062697","2011-10-15 15:00","2011","10","15","15:00"
"-111.22","56.65","FORT MCMURRAY A","3062697","2011-10-15 16:00","2011","10","15","16:00"
"-111.22","56.65","FORT MCMURRAY A","3062697","2011-10-15 17:00","2011","10","15","17:00"
"-111.22","56.65","FORT MCMURRAY A","3062697","2011-10-15 18:00","2011","10","15","18:00"
"-111.22","56.65","FORT MCMURRAY A","3062697","2011-10-15 19:00","2011","10","15","19:00"
"-111.22","56.65","FORT MCMURRAY A","3062697","2011-10-15 20:00","2011","10","15","20:00"
"-111.22","56.65","FORT MCMURRAY A","3062697","2011-10-15 21:00","2011","10","15","21:00"
"-111.22","56.65","FORT MCMURRAY A","3062697","2011-10-15 22:00","2011","10","15","22:00"
"-111.22","56.65","FORT MCMURRAY A","3062697","2011-10-15 23:00","2011","10","15","23:00"
"-111.22","56.65","FORT MCMURRAY A","3062697","2011-10-16 00:00","2011","10","16","00:00"
"-111.22","56.65","FORT MCMURRAY A","3062697","2011-10-16 01:00","2011","10","16","01:00"
"-111.22","56.65","FORT MCMURRAY A","3062697","2011-10-16 02:00","2011","10","16","02:00"
"-111.22","56.65","FORT MCMURRAY A","3062697","2011-10-16 03:00","2011","10","16","03:00"
"-111.22","56.65","FORT MCMURRAY A","3062697","2011-10-16 04:00","2011","10","16","04:00"
"-111.22","56.65","FORT MCMURRAY A","3062697","2011-10-16 05:00","2011","10","16","05:00"
"-111.22","56.65","FORT MCMURRAY A","3062697","2011-10-16 06:00","2011","10","16","06:00"
"-111.22","56.65","FORT MCMURRAY A","3062697","2011-10-16 07:00","2011","10","16","07:00"
"-111.22","56.65","FORT MCMURRAY A","3062697","2011-10-16 08:00","2011","10","16","08:00"
"-111.22","56.65","FORT MCMURRAY A","3062697","2011-10-16 09:00","2011","10","16","09:00"
"-111.22","56.65","FORT MCMURRAY A","3062697","2011-10-16 10:00","2011","10","16","10:00"
"-111.22","56.65","FORT MCMURRAY A","3062697","2011-10-16 11:00","2011","10","16","11:00"
"-111.22","56.65","FORT MCMURRAY A","3062697","2011-10-16 12:00","2011","10","16","12:00"
"-111.22","56.65","FORT MCMURRAY A","3062697","2011-10-16 13:00","2011","10","16","13:00"
"-111.22","56.65","FORT MCMURRAY A","3062697","2011-10-16 14:00","2011","10","16","14:00"
"-111.22","56.65","FORT MCMURRAY A","3062697","2011-10-16 15:00","2011","10","16","15:00"
"-111.22","56.65","FORT MCMURRAY A","3062697","2011-10-16 16:00","2011","10","16","16:00"
"-111.22","56.65","FORT MCMURRAY A","3062697","2011-10-16 17:00","2011","10","16","17:00"
"-111.22","56.65","FORT MCMURRAY A","3062697","2011-10-16 18:00","2011","10","16","18:00"
"-111.22","56.65","FORT MCMURRAY A","3062697","2011-10-16 19:00","2011","10","16","19:00"
"-111.22","56.65","FORT MCMURRAY A","3062697","2011-10-16 20:00","2011","10","16","20:00"
"-111.22","56.65","FORT MCMURRAY A","3062697","2011-10-16 21:00","2011","10","16","21:00"
"-111.22","56.65","FORT MCMURRAY A","3062697","2011-10-16 22:00","2011","10","16","22:00"
"-111.22","56.65","FORT MCMURRAY A","3062697","2011-10-16 23:00","2011","10","16","23:00"
"-111.22","56.65","FORT MCMURRAY A","3062697","2011-10-17 00:00","2011","10","17","00:00"
"-111.22","56.65","FORT MCMURRAY A","3062697","2011-10-17 01:00","2011","10","17","01:00"
"-111.22","56.65","FORT MCMURRAY A","3062697","2011-10-17 02:00","2011","10","17","02:00"
"-111.22","56.65","FORT MCMURRAY A","3062697","2011-10-17 03:00","2011","10","17","03:00"
"-111.22","56.65","FORT MCMURRAY A","3062697","2011-10-17 04:00","2011","10","17","04:00"
"-111.22","56.65","FORT MCMURRAY A","3062697","2011-10-17 05:00","2011","10","17","05:00"
"-111.22","56.65","FORT MCMURRAY A","3062697","2011-10-17 06:00","2011","10","17","06:00"
"-111.22","56.65","FORT MCMURRAY A","3062697","2011-10-17 07:00","2011","10","17","07:00"
"-111.22","56.65","FORT MCMURRAY A","3062697","2011-10-17 08:00","2011","10","17","08:00"
"-111.22","56.65","FORT MCMURRAY A","3062697","2011-10-17 09:00","2011","10","17","09:00","-2.2","","-4.1","","87","","","","","","0","","16.1","","97.35","","","","","","NA"
"-111.22","56.65","FORT MCMURRAY A","3062697","2011-10-17 10:00","2011","10","17","10:00","0.1","","-3.2","","79","","","","","M","4","","16.1","","97.38","","","","","","NA"
"-111.22","56.65","FORT MCMURRAY A","3062697","2011-10-17 11:00","2011","10","17","11:00","3.1","","-2.4","","67","","","","23","","8","","16.1","","97.42","","","","","","NA"
"-111.22","56.65","FORT MCMURRAY A","3062697","2011-10-17 12:00","2011","10","17","12:00","5.6","","-2.1","","58","","","","26","","8","","16.1","","97.42","","","","","","NA"
"-111.22","56.65","FORT MCMURRAY A","3062697","2011-10-17 13:00","2011","10","17","13:00","7.7","","-2.0","","50","","","","28","","8","","16.1","","97.41","","","","","","NA"
"-111.22","56.65","FORT MCMURRAY A","3062697","2011-10-17 14:00","2011","10","17","14:00","9.2","","-2.7","","43","","","","24","","11","","16.1","","97.40","","","","","","NA"
"-111.22","56.65","FORT MCMURRAY A","3062697","2011-10-17 15:00","2011","10","17","15:00","9.8","","-2.8","","41","","","","25","","8","","16.1","","97.39","","","","","","NA"
"-111.22","56.65","FORT MCMURRAY A","3062697","2011-10-17 16:00","2011","10","17","16:00","10.4","","-3.0","","39","","","","27","","13","","16.1","","97.40","","","","","","NA"
"-111.22","56.65","FORT MCMURRAY A","3062697","2011-10-17 17:00","2011","10","17","17:00","8.9","","-2.7","","44","","","","24","","9","","16.1","","97.44","","","","","","NA"
"-111.22","56.65","FORT MCMURRAY A","3062697","2011-10-17 18:00","2011","10","17","18:00","8.5","","-2.6","","46","","","","23","","8","","16.1","","97.48","","","","","","NA"
"-111.22","56.65","FORT MCMURRAY A","3062697","2011-10-17 19:00","2011","10","17","19:00","7.1","","-1.3","","55","","","","22","","5","","16.1","","97.50","","","","","","NA"
"-111.22","56.65","FORT MCMURRAY A","3062697","2011-10-17 20:00","2011","10","17","20:00","6.9","","-1.7","","54","","","","22","","9","","16.1","","97.52","","","","","","NA"
"-111.22","56.65","FORT MCMURRAY A","3062697","2011-10-17 21:00","2011","10","17","21:00","5.7","","-1.0","","62","","","","22","","5","","16.1","","97.53","","","","","","NA"
"-111.22","56.65","FORT MCMURRAY A","3062697","2011-10-17 22:00","2011","10","17","22:00","5.2","","-0.6","","66","","","","20","","8","","16.1","","97.54","","","","","","NA"
"-111.22","56.65","FORT MCMURRAY A","3062697","2011-10-17 23:00","2011","10","17","23:00","3.7","","0.7","","81","","","","","","0","","16.1","","97.55","","","","","","NA"
"-111.22","56.65","FORT MCMURRAY A","3062697","2011-10-18 00:00","2011","10","18","00:00","1.2","","-0.8","","87","","","","","","0","","16.1","","97.58","","","","","","NA"
"-111.22","56.65","FORT MCMURRAY A","3062697","2011-10-18 01:00","2011","10","18","01:00","0.3","","-1.0","","91","","","","","","0","","16.1","","97.62","","","","","","NA"
"-111.22","56.65","FORT MCMURRAY A","3062697","2011-10-18 02:00","2011","10","18","02:00","0.3","","-1.3","","89","","","","","","0","","16.1","","97.63","","","","","","NA"
"-111.22","56.65","FORT MCMURRAY A","3062697","2011-10-18 03:00","2011","10","18","03:00","-0.4","","-1.5","","92","","","","17","","4","","16.1","","97.69","","","","-2","","NA"
"-111.22","56.65","FORT MCMURRAY A","3062697","2011-10-18 04:00","2011","10","18","04:00","-0.7","","-1.3","","96","","","","","","0","","16.1","","97.73","","","","","","NA"
"-111.22","56.65","FORT MCMURRAY A","3062697","2011-10-18 05:00","2011","10","18","05:00","-0.4","","-1.8","","91","","","","21","","8","","16.1","","97.76","","","","-3","","NA"
"-111.22","56.65","FORT MCMURRAY A","3062697","2011-10-18 06:00","2011","10","18","06:00","-2.0","","-2.6","","96","","","","","M","4","","16.1","","97.75","","","","-3","","NA"
"-111.22","56.65","FORT MCMURRAY A","3062697","2011-10-18 07:00","2011","10","18","07:00","-2.8","","-3.1","","98","","","","9","","4","","16.1","","97.75","","","","-4","","NA"
"-111.22","56.65","FORT MCMURRAY A","3062697","2011-10-18 08:00","2011","10","18","08:00","-3.7","","-4.1","","97","","","","11","","8","","16.1","","97.76","","","","-7","","NA"
"-111.22","56.65","FORT MCMURRAY A","3062697","2011-10-18 09:00","2011","10","18","09:00","-2.1","","-2.8","","95","","","","12","","9","","16.1","","97.73","","","","-6","","NA"
"-111.22","56.65","FORT MCMURRAY A","3062697","2011-10-18 10:00","2011","10","18","10:00","0.3","","-1.2","","90","","","","7","","5","","16.1","","97.74","","","","","","NA"
"-111.22","56.65","FORT MCMURRAY A","3062697","2011-10-18 11:00","2011","10","18","11:00","3.9","","-0.1","","75","","","","8","","8","","16.1","","97.70","","","","","","NA"
"-111.22","56.65","FORT MCMURRAY A","3062697","2011-10-18 12:00","2011","10","18","12:00","4.6","","-0.3","","70","","","","6","","9","","16.1","","97.65","","","","","","NA"
"-111.22","56.65","FORT MCMURRAY A","3062697","2011-10-18 13:00","2011","10","18","13:00","8.0","","0.7","","60","","","","7","","9","","16.1","","97.56","","","","","","NA"
"-111.22","56.65","FORT MCMURRAY A","3062697","2011-10-18 14:00","2011","10","18","14:00","9.1","","1.0","","57","","","","9","","9","","16.1","","97.44","","","","","","NA"
"-111.22","56.65","FORT MCMURRAY A","3062697","2011-10-18 15:00","2011","10","18","15:00","12.3","","1.9","","49","","","","","","0","","16.1","","97.37","","","","","","NA"
"-111.22","56.65","FORT MCMURRAY A","3062697","2011-10-18 16:00","2011","10","18","16:00","12.7","","2.9","","51","","","","21","","9","","16.1","","97.28","","","","","","NA"
"-111.22","56.65","FORT MCMURRAY A","3062697","2011-10-18 17:00","2011","10","18","17:00","12.2","","3.5","","55","","","","15","","9","","16.1","","97.15","","","","","","NA"
"-111.22","56.65","FORT MCMURRAY A","3062697","2011-10-18 18:00","2011","10","18","18:00","11.3","","3.7","","59","","","","15","","11","","16.1","","97.02","","","","","","NA"
"-111.22","56.65","FORT MCMURRAY A","3062697","2011-10-18 19:00","2011","10","18","19:00","9.5","","3.2","","64","","","","14","","8","","16.1","","96.98","","","","","","NA"
"-111.22","56.65","FORT MCMURRAY A","3062697","2011-10-18 20:00","2011","10","18","20:00","8.9","","3.1","","67","","","","12","","9","","16.1","","96.89","","","","","","NA"
"-111.22","56.65","FORT MCMURRAY A","3062697","2011-10-18 21:00","2011","10","18","21:00","6.7","","3.0","","77","","","","9","","8","","16.1","","96.79","","","","","","NA"
"-111.22","56.65","FORT MCMURRAY A","3062697","2011-10-18 22:00","2011","10","18","22:00","7.3","","2.4","","71","","","","","M","4","","16.1","","96.69","","","","","","NA"
"-111.22","56.65","FORT MCMURRAY A","3062697","2011-10-18 23:00","2011","10","18","23:00","10.9","","1.7","","53","","","","23","","9","","16.1","","96.62","","","","","","NA"
"-111.22","56.65","FORT MCMURRAY A","3062697","2011-10-19 00:00","2011","10","19","00:00","10.6","","1.1","","52","","","","23","","11","","16.1","","96.56","","","","","","NA"
"-111.22","56.65","FORT MCMURRAY A","3062697","2011-10-19 01:00","2011","10","19","01:00","10.4","","0.7","","51","","","","22","","13","","16.1","","96.51","","","","","","NA"
"-111.22","56.65","FORT MCMURRAY A","3062697","2011-10-19 02:00","2011","10","19","02:00","9.5","","0.4","","53","","","","22","","13","","16.1","","96.47","","","","","","NA"
"-111.22","56.65","FORT MCMURRAY A","3062697","2011-10-19 03:00","2011","10","19","03:00","9.5","","0.4","","53","","","","22","","11","","16.1","","96.44","","","","","","NA"
"-111.22","56.65","FORT MCMURRAY A","3062697","2011-10-19 04:00","2011","10","19","04:00","8.6","","0.3","","56","","","","21","","8","","16.1","","96.41","","","","","","NA"
"-111.22","56.65","FORT MCMURRAY A","3062697","2011-10-19 05:00","2011","10","19","05:00","6.1","","0.8","","69","","","","32","","4","","16.1","","96.41","","","","","","NA"
"-111.22","56.65","FORT MCMURRAY A","3062697","2011-10-19 06:00","2011","10","19","06:00","6.6","","0.3","","64","","","","22","","9","","16.1","","96.37","","","","","","NA"
"-111.22","56.65","FORT MCMURRAY A","3062697","2011-10-19 07:00","2011","10","19","07:00","7.2","","0.2","","61","","","","23","","5","","16.1","","96.38","","","","","","NA"
"-111.22","56.65","FORT MCMURRAY A","3062697","2011-10-19 08:00","2011","10","19","08:00","6.3","","0.3","","65","","","","22","","9","","16.1","","96.36","","","","","","NA"
"-111.22","56.65","FORT MCMURRAY A","3062697","2011-10-19 09:00","2011","10","19","09:00","6.5","","0.2","","64","","","","23","","8","","16.1","","96.36","","","","","","NA"
"-111.22","56.65","FORT MCMURRAY A","3062697","2011-10-19 10:00","2011","10","19","10:00","7.4","","0.4","","61","","","","23","","5","","16.1","","96.36","","","","","","NA"
"-111.22","56.65","FORT MCMURRAY A","3062697","2011-10-19 11:00","2011","10","19","11:00","9.1","","0.8","","56","","","","24","","8","","16.1","","96.31","","","","","","NA"
"-111.22","56.65","FORT MCMURRAY A","3062697","2011-10-19 12:00","2011","10","19","12:00","10.0","","1.2","","54","","","","23","","9","","16.1","","96.34","","","","","","NA"
"-111.22","56.65","FORT MCMURRAY A","3062697","2011-10-19 13:00","2011","10","19","13:00","11.8","","1.2","","48","","","","23","","13","","16.1","","96.31","","","","","","NA"
"-111.22","56.65","FORT MCMURRAY A","3062697","2011-10-19 14:00","2011","10","19","14:00","12.4","","1.6","","48","","","","25","","13","","16.1","","96.28","","","","","","NA"
"-111.22","56.65","FORT MCMURRAY A","3062697","2011-10-19 15:00","2011","10","19","15:00","13.8","","1.6","","43","","","","26","","13","","16.1","","96.21","","","","","","NA"
"-111.22","56.65","FORT MCMURRAY A","3062697","2011-10-19 16:00","2011","10","19","16:00","13.6","","2.5","","47","","","","33","","8","","16.1","","96.20","","","","","","NA"
"-111.22","56.65","FORT MCMURRAY A","3062697","2011-10-19 17:00","2011","10","19","17:00","12.9","","3.6","","53","","","","","","0","","16.1","","96.21","","","","","","NA"
"-111.22","56.65","FORT MCMURRAY A","3062697","2011-10-19 18:00","2011","10","19","18:00","11.9","","2.7","","53","","","","15","","8","","12.9","","96.19","","","","","","NA"
"-111.22","56.65","FORT MCMURRAY A","3062697","2011-10-19 19:00","2011","10","19","19:00","11.3","","2.6","","55","","","","17","","9","","16.1","","96.17","","","","","","NA"
"-111.22","56.65","FORT MCMURRAY A","3062697","2011-10-19 20:00","2011","10","19","20:00","9.6","","2.9","","63","","","","15","","9","","16.1","","96.14","","","","","","NA"
"-111.22","56.65","FORT MCMURRAY A","3062697","2011-10-19 21:00","2011","10","19","21:00","7.7","","2.9","","72","","","","13","","8","","16.1","","96.12","","","","","","NA"
"-111.22","56.65","FORT MCMURRAY A","3062697","2011-10-19 22:00","2011","10","19","22:00","7.3","","2.8","","73","","","","13","","5","","16.1","","96.10","","","","","","NA"
"-111.22","56.65","FORT MCMURRAY A","3062697","2011-10-19 23:00","2011","10","19","23:00","5.8","","2.1","","77","","","","","","0","","16.1","","96.10","","","","","","NA"
"-111.22","56.65","FORT MCMURRAY A","3062697","2011-10-20 00:00","2011","10","20","00:00","7.2","","2.7","","73","","","","9","","4","","16.1","","96.09","","","","","","NA"
"-111.22","56.65","FORT MCMURRAY A","3062697","2011-10-20 01:00","2011","10","20","01:00","6.5","","2.8","","77","","","","14","","8","","16.1","","96.07","","","","","","NA"
"-111.22","56.65","FORT MCMURRAY A","3062697","2011-10-20 02:00","2011","10","20","02:00","5.9","","3.4","","84","","","","17","","8","","16.1","","96.11","","","","","","NA"
"-111.22","56.65","FORT MCMURRAY A","3062697","2011-10-20 03:00","2011","10","20","03:00","7.8","","2.5","","69","","","","26","","8","","16.1","","96.15","","","","","","NA"
"-111.22","56.65","FORT MCMURRAY A","3062697","2011-10-20 04:00","2011","10","20","04:00","6.6","","5.2","","91","","","","24","","8","","9.7","","96.18","","","","","","NA"
"-111.22","56.65","FORT MCMURRAY A","3062697","2011-10-20 05:00","2011","10","20","05:00","6.5","","5.8","","95","","","","","M","4","","16.1","","96.17","","","","","","NA"
"-111.22","56.65","FORT MCMURRAY A","3062697","2011-10-20 06:00","2011","10","20","06:00","6.3","","5.7","","96","","","","21","","5","","16.1","","96.17","","","","","","NA"
"-111.22","56.65","FORT MCMURRAY A","3062697","2011-10-20 07:00","2011","10","20","07:00","6.0","","5.4","","96","","","","21","","5","","16.1","","96.17","","","","","","NA"
"-111.22","56.65","FORT MCMURRAY A","3062697","2011-10-20 08:00","2011","10","20","08:00","5.9","","5.2","","95","","","","23","","9","","16.1","","96.20","","","","","","NA"
"-111.22","56.65","FORT MCMURRAY A","3062697","2011-10-20 09:00","2011","10","20","09:00","5.4","","4.8","","96","","","","23","","9","","16.1","","96.22","","","","","","NA"
"-111.22","56.65","FORT MCMURRAY A","3062697","2011-10-20 10:00","2011","10","20","10:00","5.9","","5.2","","95","","","","24","","11","","16.1","","96.27","","","","","","NA"
"-111.22","56.65","FORT MCMURRAY A","3062697","2011-10-20 11:00","2011","10","20","11:00","6.7","","5.1","","90","","","","27","","17","","16.1","","96.34","","","","","","NA"
"-111.22","56.65","FORT MCMURRAY A","3062697","2011-10-20 12:00","2011","10","20","12:00","7.4","","4.1","","79","","","","32","","17","","16.1","","96.43","","","","","","NA"
"-111.22","56.65","FORT MCMURRAY A","3062697","2011-10-20 13:00","2011","10","20","13:00","8.3","","3.7","","73","","","","29","","13","","","M","96.47","","","","","","NA"
"-111.22","56.65","FORT MCMURRAY A","3062697","2011-10-20 14:00","2011","10","20","14:00","9.3","","0.3","","53","","","","32","","17","","16.1","","96.51","","","","","","NA"
"-111.22","56.65","FORT MCMURRAY A","3062697","2011-10-20 15:00","2011","10","20","15:00","9.8","","-0.1","","50","","","","30","","17","","16.1","","96.56","","","","","","NA"
"-111.22","56.65","FORT MCMURRAY A","3062697","2011-10-20 16:00","2011","10","20","16:00","10.2","","-1.2","","45","","","","29","","15","","16.1","","96.58","","","","","","NA"
"-111.22","56.65","FORT MCMURRAY A","3062697","2011-10-20 17:00","2011","10","20","17:00","9.8","","-2.9","","41","","","","29","","24","","16.1","","96.62","","","","","","NA"
"-111.22","56.65","FORT MCMURRAY A","3062697","2011-10-20 18:00","2011","10","20","18:00","8.0","","-4.2","","42","","","","28","","15","","16.1","","96.70","","","","","","NA"
"-111.22","56.65","FORT MCMURRAY A","3062697","2011-10-20 19:00","2011","10","20","19:00","4.8","","-4.8","","50","","","","26","","13","","16.1","","96.77","","","","","","NA"
"-111.22","56.65","FORT MCMURRAY A","3062697","2011-10-20 20:00","2011","10","20","20:00","4.0","","-4.2","","55","","","","28","","8","","16.1","","96.82","","","","","","NA"
"-111.22","56.65","FORT MCMURRAY A","3062697","2011-10-20 21:00","2011","10","20","21:00","1.7","","-5.3","","60","","","","22","","8","","16.1","","96.86","","","","","","NA"
"-111.22","56.65","FORT MCMURRAY A","3062697","2011-10-20 22:00","2011","10","20","22:00","0.5","","-5.4","","65","","","","23","","11","","16.1","","96.93","","","","","","NA"
"-111.22","56.65","FORT MCMURRAY A","3062697","2011-10-20 23:00","2011","10","20","23:00","0.0","","-5.4","","67","","","","22","","11","","16.1","","96.96","","","","-4","","NA"
"-111.22","56.65","FORT MCMURRAY A","3062697","2011-10-21 00:00","2011","10","21","00:00","-0.3","","-5.5","","68","","","","22","","13","","16.1","","96.99","","","","-4","","NA"
"-111.22","56.65","FORT MCMURRAY A","3062697","2011-10-21 01:00","2011","10","21","01:00","-0.5","","-5.5","","69","","","","22","","11","","16.1","","97.01","","","","-4","","NA"
"-111.22","56.65","FORT MCMURRAY A","3062697","2011-10-21 02:00","2011","10","21","02:00","-0.9","","-5.1","","73","","","","22","","9","","16.1","","97.04","","","","-4","","NA"
"-111.22","56.65","FORT MCMURRAY A","3062697","2011-10-21 03:00","2011","10","21","03:00","-0.8","","-4.6","","75","","","","23","","8","","16.1","","97.05","","","","-4","","NA"
"-111.22","56.65","FORT MCMURRAY A","3062697","2011-10-21 04:00","2011","10","21","04:00","-0.1","","-4.0","","75","","","","28","","5","","16.1","","97.07","","","","-2","","NA"
"-111.22","56.65","FORT MCMURRAY A","3062697","2011-10-21 05:00","2011","10","21","05:00","-0.2","","-3.9","","76","","","","20","","5","","16.1","","97.08","","","","-2","","NA"
"-111.22","56.65","FORT MCMURRAY A","3062697","2011-10-21 06:00","2011","10","21","06:00","0.2","","-3.7","","75","","","","20","","5","","16.1","","97.10","","","","","","NA"
"-111.22","56.65","FORT MCMURRAY A","3062697","2011-10-21 07:00","2011","10","21","07:00","-0.3","","-3.1","","82","","","","","M","4","","16.1","","97.13","","","","-2","","NA"
"-111.22","56.65","FORT MCMURRAY A","3062697","2011-10-21 08:00","2011","10","21","08:00","-1.4","","-3.3","","87","","","","21","","8","","16.1","","97.14","","","","-4","","NA"
"-111.22","56.65","FORT MCMURRAY A","3062697","2011-10-21 09:00","2011","10","21","09:00","-1.4","","-3.3","","87","","","","23","","9","","16.1","","97.15","","","","-5","","NA"
"-111.22","56.65","FORT MCMURRAY A","3062697","2011-10-21 10:00","2011","10","21","10:00","0.3","","-2.3","","83","","","","25","","8","","16.1","","97.16","","","","","","NA"
"-111.22","56.65","FORT MCMURRAY A","3062697","2011-10-21 11:00","2011","10","21","11:00","2.4","","-2.4","","71","","","","27","","15","","16.1","","97.17","","","","","","NA"
"-111.22","56.65","FORT MCMURRAY A","3062697","2011-10-21 12:00","2011","10","21","12:00","4.2","","-2.8","","60","","","","27","","8","","16.1","","97.17","","","","","","NA"
"-111.22","56.65","FORT MCMURRAY A","3062697","2011-10-21 13:00","2011","10","21","13:00","6.0","","-4.6","","47","","","","28","","11","","16.1","","97.15","","","","","","NA"
"-111.22","56.65","FORT MCMURRAY A","3062697","2011-10-21 14:00","2011","10","21","14:00","6.1","","-5.3","","44","","","","","M","4","","16.1","","97.11","","","","","","NA"
"-111.22","56.65","FORT MCMURRAY A","3062697","2011-10-21 15:00","2011","10","21","15:00","6.3","","-6.1","","41","","","","36","","5","","16.1","","97.05","","","","","","NA"
"-111.22","56.65","FORT MCMURRAY A","3062697","2011-10-21 16:00","2011","10","21","16:00","6.7","","-7.1","","37","","","","","M","4","","16.1","","96.98","","","","","","NA"
"-111.22","56.65","FORT MCMURRAY A","3062697","2011-10-21 17:00","2011","10","21","17:00","5.4","","-5.5","","45","","","","9","","5","","16.1","","96.92","","","","","","NA"
"-111.22","56.65","FORT MCMURRAY A","3062697","2011-10-21 18:00","2011","10","21","18:00","4.5","","-4.4","","53","","","","11","","9","","16.1","","96.85","","","","","","NA"
"-111.22","56.65","FORT MCMURRAY A","3062697","2011-10-21 19:00","2011","10","21","19:00","2.3","","-4.8","","60","","","","11","","9","","16.1","","96.80","","","","","","NA"
"-111.22","56.65","FORT MCMURRAY A","3062697","2011-10-21 20:00","2011","10","21","20:00","1.5","","-5.9","","58","","","","13","","13","","16.1","","96.73","","","","","","NA"
"-111.22","56.65","FORT MCMURRAY A","3062697","2011-10-21 21:00","2011","10","21","21:00","0.2","","-5.9","","64","","","","12","","15","","16.1","","96.69","","","","","","NA"
"-111.22","56.65","FORT MCMURRAY A","3062697","2011-10-21 22:00","2011","10","21","22:00","0.5","","-5.1","","66","","","","12","","13","","16.1","","96.64","","","","","","NA"
"-111.22","56.65","FORT MCMURRAY A","3062697","2011-10-21 23:00","2011","10","21","23:00","0.5","","-4.5","","69","","","","11","","8","","16.1","","96.59","","","","","","NA"
"-111.22","56.65","FORT MCMURRAY A","3062697","2011-10-22 00:00","2011","10","22","00:00","1.0","","-4.5","","67","","","","11","","11","","16.1","","96.52","","","","","","NA"
"-111.22","56.65","FORT MCMURRAY A","3062697","2011-10-22 01:00","2011","10","22","01:00","1.6","","-4.4","","64","","","","12","","18","","16.1","","96.43","","","","","","NA"
"-111.22","56.65","FORT MCMURRAY A","3062697","2011-10-22 02:00","2011","10","22","02:00","1.5","","-4.2","","66","","","","8","","9","","16.1","","96.39","","","","","","NA"
"-111.22","56.65","FORT MCMURRAY A","3062697","2011-10-22 03:00","2011","10","22","03:00","2.0","","-4.0","","65","","","","13","","13","","16.1","","96.35","","","","","","NA"
"-111.22","56.65","FORT MCMURRAY A","3062697","2011-10-22 04:00","2011","10","22","04:00","1.3","","-3.0","","73","","","","10","","8","","16.1","","96.33","","","","","","NA"
"-111.22","56.65","FORT MCMURRAY A","3062697","2011-10-22 05:00","2011","10","22","05:00","0.8","","-2.1","","81","","","","9","","9","","16.1","","96.28","","","","","","NA"
"-111.22","56.65","FORT MCMURRAY A","3062697","2011-10-22 06:00","2011","10","22","06:00","0.6","","-1.4","","87","","","","10","","17","","16.1","","96.21","","","","","","NA"
"-111.22","56.65","FORT MCMURRAY A","3062697","2011-10-22 07:00","2011","10","22","07:00","0.4","","-0.8","","92","","","","10","","17","","16.1","","96.13","","","","","","NA"
"-111.22","56.65","FORT MCMURRAY A","3062697","2011-10-22 08:00","2011","10","22","08:00","0.3","","0.0","","98","","","","10","","13","","4.0","","96.06","","","","","","NA"
"-111.22","56.65","FORT MCMURRAY A","3062697","2011-10-22 09:00","2011","10","22","09:00","0.8","","0.5","","98","","","","11","","13","","16.1","","96.01","","","","","","NA"
"-111.22","56.65","FORT MCMURRAY A","3062697","2011-10-22 10:00","2011","10","22","10:00","1.1","","0.8","","98","","","","11","","11","","16.1","","95.99","","","","","","NA"
"-111.22","56.65","FORT MCMURRAY A","3062697","2011-10-22 11:00","2011","10","22","11:00","1.7","","1.4","","98","","","","","M","4","","16.1","","96.01","","","","","","NA"
"-111.22","56.65","FORT MCMURRAY A","3062697","2011-10-22 12:00","2011","10","22","12:00","2.4","","1.8","","96","","","","28","","13","","16.1","","96.03","","","","","","NA"
"-111.22","56.65","FORT MCMURRAY A","3062697","2011-10-22 13:00","2011","10","22","13:00","2.3","","1.4","","94","","","","29","","18","","16.1","","96.07","","","","","","NA"
"-111.22","56.65","FORT MCMURRAY A","3062697","2011-10-22 14:00","2011","10","22","14:00","2.5","","1.1","","90","","","","29","","18","","16.1","","96.10","","","","","","NA"
"-111.22","56.65","FORT MCMURRAY A","3062697","2011-10-22 15:00","2011","10","22","15:00","2.4","","0.8","","89","","","","31","","15","","16.1","","96.15","","","","","","NA"
"-111.22","56.65","FORT MCMURRAY A","3062697","2011-10-22 16:00","2011","10","22","16:00","2.0","","1.0","","93","","","","32","","13","","16.1","","96.22","","","","","","NA"
"-111.22","56.65","FORT MCMURRAY A","3062697","2011-10-22 17:00","2011","10","22","17:00","1.9","","0.8","","93","","","","31","","17","","16.1","","96.25","","","","","","NA"
"-111.22","56.65","FORT MCMURRAY A","3062697","2011-10-22 18:00","2011","10","22","18:00","1.5","","0.8","","95","","","","33","","13","","16.1","","96.30","","","","","","NA"
"-111.22","56.65","FORT MCMURRAY A","3062697","2011-10-22 19:00","2011","10","22","19:00","1.3","","0.9","","97","","","","30","","9","","16.1","","96.36","","","","","","NA"
"-111.22","56.65","FORT MCMURRAY A","3062697","2011-10-22 20:00","2011","10","22","20:00","1.3","","0.9","","97","","","","31","","9","","16.1","","96.39","","","","","","NA"
"-111.22","56.65","FORT MCMURRAY A","3062697","2011-10-22 21:00","2011","10","22","21:00","1.0","","0.9","","99","","","","33","","11","","4.8","","96.39","","","","","","NA"
"-111.22","56.65","FORT MCMURRAY A","3062697","2011-10-22 22:00","2011","10","22","22:00","0.8","","0.7","","99","","","","32","","5","","4.8","","96.41","","","","","","NA"
"-111.22","56.65","FORT MCMURRAY A","3062697","2011-10-22 23:00","2011","10","22","23:00","0.7","","0.6","","99","","","","35","","4","","6.4","","96.41","","","","","","NA"
"-111.22","56.65","FORT MCMURRAY A","3062697","2011-10-23 00:00","2011","10","23","00:00","0.6","","0.4","","98","","","","","","0","","16.1","","96.44","","","","","","NA"
"-111.22","56.65","FORT MCMURRAY A","3062697","2011-10-23 01:00","2011","10","23","01:00","0.5","","0.4","","99","","","","","","0","","14.5","","96.45","","","","","","NA"
"-111.22","56.65","FORT MCMURRAY A","3062697","2011-10-23 02:00","2011","10","23","02:00","0.4","","0.4","","100","","","","","","0","","11.3","","96.48","","","","","","NA"
"-111.22","56.65","FORT MCMURRAY A","3062697","2011-10-23 03:00","2011","10","23","03:00","0.6","","0.5","","99","","","","","","0","","14.5","","96.49","","","","","","NA"
"-111.22","56.65","FORT MCMURRAY A","3062697","2011-10-23 04:00","2011","10","23","04:00","0.5","","0.1","","97","","","","","M","4","","16.1","","96.47","","","","","","NA"
"-111.22","56.65","FORT MCMURRAY A","3062697","2011-10-23 05:00","2011","10","23","05:00","0.2","","-0.1","","98","","","","","M","4","","16.1","","96.50","","","","","","NA"
"-111.22","56.65","FORT MCMURRAY A","3062697","2011-10-23 06:00","2011","10","23","06:00","0.3","","0.0","","98","","","","21","","5","","16.1","","96.52","","","","","","NA"
"-111.22","56.65","FORT MCMURRAY A","3062697","2011-10-23 07:00","2011","10","23","07:00","0.2","","-0.4","","96","","","","19","","4","","16.1","","96.52","","","","","","NA"
"-111.22","56.65","FORT MCMURRAY A","3062697","2011-10-23 08:00","2011","10","23","08:00","0.2","","-0.6","","94","","","","18","","4","","16.1","","96.47","","","","","","NA"
"-111.22","56.65","FORT MCMURRAY A","3062697","2011-10-23 09:00","2011","10","23","09:00","0.1","","-0.3","","97","","","","12","","5","","16.1","","96.45","","","","","","NA"
"-111.22","56.65","FORT MCMURRAY A","3062697","2011-10-23 10:00","2011","10","23","10:00","0.2","","-0.1","","98","","","","12","","5","","4.0","","96.46","","","","","","NA"
"-111.22","56.65","FORT MCMURRAY A","3062697","2011-10-23 11:00","2011","10","23","11:00","0.6","","0.2","","97","","","","12","","9","","16.1","","96.44","","","","","","NA"
"-111.22","56.65","FORT MCMURRAY A","3062697","2011-10-23 12:00","2011","10","23","12:00","1.0","","0.4","","96","","","","11","","11","","16.1","","96.45","","","","","","NA"
"-111.22","56.65","FORT MCMURRAY A","3062697","2011-10-23 13:00","2011","10","23","13:00","1.3","","0.5","","95","","","","12","","9","","16.1","","96.47","","","","","","NA"
"-111.22","56.65","FORT MCMURRAY A","3062697","2011-10-23 14:00","2011","10","23","14:00","2.2","","1.5","","95","","","","17","","8","","16.1","","96.47","","","","","","NA"
"-111.22","56.65","FORT MCMURRAY A","3062697","2011-10-23 15:00","2011","10","23","15:00","2.3","","1.2","","93","","","","30","","9","","16.1","","96.51","","","","","","NA"
"-111.22","56.65","FORT MCMURRAY A","3062697","2011-10-23 16:00","2011","10","23","16:00","2.0","","1.1","","94","","","","25","","13","","16.1","","96.54","","","","","","NA"
"-111.22","56.65","FORT MCMURRAY A","3062697","2011-10-23 17:00","2011","10","23","17:00","1.8","","0.8","","93","","","","31","","11","","16.1","","96.58","","","","","","NA"
"-111.22","56.65","FORT MCMURRAY A","3062697","2011-10-23 18:00","2011","10","23","18:00","1.8","","0.5","","91","","","","29","","18","","16.1","","96.63","","","","","","NA"
"-111.22","56.65","FORT MCMURRAY A","3062697","2011-10-23 19:00","2011","10","23","19:00","1.7","","0.4","","91","","","","33","","5","","16.1","","96.66","","","","","","NA"
"-111.22","56.65","FORT MCMURRAY A","3062697","2011-10-23 20:00","2011","10","23","20:00","1.7","","0.4","","91","","","","33","","4","","16.1","","96.65","","","","","","NA"
"-111.22","56.65","FORT MCMURRAY A","3062697","2011-10-23 21:00","2011","10","23","21:00","1.3","","0.4","","94","","","","19","","4","","16.1","","96.65","","","","","","NA"
"-111.22","56.65","FORT MCMURRAY A","3062697","2011-10-23 22:00","2011","10","23","22:00","1.2","","0.6","","96","","","","20","","4","","16.1","","96.64","","","","","","NA"
"-111.22","56.65","FORT MCMURRAY A","3062697","2011-10-23 23:00","2011","10","23","23:00","1.4","","0.5","","94","","","","23","","5","","16.1","","96.63","","","","","","NA"
"-111.22","56.65","FORT MCMURRAY A","3062697","2011-10-24 00:00","2011","10","24","00:00","1.5","","0.8","","95","","","","25","","8","","16.1","","96.62","","","","","","NA"
"-111.22","56.65","FORT MCMURRAY A","3062697","2011-10-24 01:00","2011","10","24","01:00","1.3","","1.0","","98","","","","","","0","","16.1","","96.61","","","","","","NA"
"-111.22","56.65","FORT MCMURRAY A","3062697","2011-10-24 02:00","2011","10","24","02:00","1.4","","1.1","","98","","","","","M","5","","16.1","","96.62","","","","","","NA"
"-111.22","56.65","FORT MCMURRAY A","3062697","2011-10-24 03:00","2011","10","24","03:00","1.1","","0.8","","98","","","","21","","5","","16.1","","96.62","","","","","","NA"
"-111.22","56.65","FORT MCMURRAY A","3062697","2011-10-24 04:00","2011","10","24","04:00","-1.1","","-1.1","","100","","","","16","","5","","1.6","","96.60","","","","-3","","NA"
"-111.22","56.65","FORT MCMURRAY A","3062697","2011-10-24 05:00","2011","10","24","05:00","-1.4","","-2.1","","95","","","","","M","4","","16.1","","96.60","","","","-3","","NA"
"-111.22","56.65","FORT MCMURRAY A","3062697","2011-10-24 06:00","2011","10","24","06:00","-1.4","","-2.2","","94","","","","26","","5","","16.1","","96.60","","","","-3","","NA"
"-111.22","56.65","FORT MCMURRAY A","3062697","2011-10-24 07:00","2011","10","24","07:00","-2.6","","-3.0","","97","","","","15","","4","","16.1","","96.60","","","","-4","","NA"
"-111.22","56.65","FORT MCMURRAY A","3062697","2011-10-24 08:00","2011","10","24","08:00","-1.6","","-2.4","","94","","","","22","","8","","16.1","","96.61","","","","-5","","NA"
"-111.22","56.65","FORT MCMURRAY A","3062697","2011-10-24 09:00","2011","10","24","09:00","-1.3","","-2.4","","92","","","","","","0","","16.1","","96.66","","","","","","NA"
"-111.22","56.65","FORT MCMURRAY A","3062697","2011-10-24 10:00","2011","10","24","10:00","0.4","","-1.5","","87","","","","23","","11","","16.1","","96.67","","","","","","NA"
"-111.22","56.65","FORT MCMURRAY A","3062697","2011-10-24 11:00","2011","10","24","11:00","2.1","","-0.8","","81","","","","25","","11","","16.1","","96.68","","","","","","NA"
"-111.22","56.65","FORT MCMURRAY A","3062697","2011-10-24 12:00","2011","10","24","12:00","3.7","","-0.5","","74","","","","25","","15","","16.1","","96.69","","","","","","NA"
"-111.22","56.65","FORT MCMURRAY A","3062697","2011-10-24 13:00","2011","10","24","13:00","5.3","","-0.1","","68","","","","25","","13","","16.1","","96.68","","","","","","NA"
"-111.22","56.65","FORT MCMURRAY A","3062697","2011-10-24 14:00","2011","10","24","14:00","6.5","","-0.4","","61","","","","24","","11","","16.1","","96.68","","","","","","NA"
"-111.22","56.65","FORT MCMURRAY A","3062697","2011-10-24 15:00","2011","10","24","15:00","7.5","","0.2","","60","","","","27","","18","","16.1","","96.69","","","","","","NA"
"-111.22","56.65","FORT MCMURRAY A","3062697","2011-10-24 16:00","2011","10","24","16:00","8.0","","-0.2","","56","","","","26","","11","","16.1","","96.72","","","","","","NA"
"-111.22","56.65","FORT MCMURRAY A","3062697","2011-10-24 17:00","2011","10","24","17:00","7.7","","-0.1","","58","","","","25","","9","","16.1","","96.77","","","","","","NA"
"-111.22","56.65","FORT MCMURRAY A","3062697","2011-10-24 18:00","2011","10","24","18:00","5.6","","-1.2","","62","","","","24","","8","","16.1","","96.82","","","","","","NA"
"-111.22","56.65","FORT MCMURRAY A","3062697","2011-10-24 19:00","2011","10","24","19:00","4.2","","-1.4","","67","","","","23","","5","","16.1","","96.87","","","","","","NA"
"-111.22","56.65","FORT MCMURRAY A","3062697","2011-10-24 20:00","2011","10","24","20:00","2.0","","-1.9","","75","","","","22","","8","","16.1","","96.93","","","","","","NA"
"-111.22","56.65","FORT MCMURRAY A","3062697","2011-10-24 21:00","2011","10","24","21:00","-0.8","","-2.6","","87","","","","24","","5","","16.1","","97.00","","","","-2","","NA"
"-111.22","56.65","FORT MCMURRAY A","3062697","2011-10-24 22:00","2011","10","24","22:00","0.1","","-2.2","","85","","","","23","","11","","16.1","","97.04","","","","","","NA"
"-111.22","56.65","FORT MCMURRAY A","3062697","2011-10-24 23:00","2011","10","24","23:00","0.1","","-2.3","","84","","","","21","","11","","16.1","","97.09","","","","","","NA"
"-111.22","56.65","FORT MCMURRAY A","3062697","2011-10-25 00:00","2011","10","25","00:00","0.2","","-2.0","","85","","","","21","","13","","16.1","","97.11","","","","","","NA"
"-111.22","56.65","FORT MCMURRAY A","3062697","2011-10-25 01:00","2011","10","25","01:00","0.5","","-1.9","","84","","","","17","","8","","16.1","","97.12","","","","","","NA"
"-111.22","56.65","FORT MCMURRAY A","3062697","2011-10-25 02:00","2011","10","25","02:00","-0.2","","-2.2","","87","","","","","M","4","","16.1","","97.18","","","","-1","","NA"
"-111.22","56.65","FORT MCMURRAY A","3062697","2011-10-25 03:00","2011","10","25","03:00","-0.8","","-2.6","","88","","","","21","","9","","16.1","","97.21","","","","-4","","NA"
"-111.22","56.65","FORT MCMURRAY A","3062697","2011-10-25 04:00","2011","10","25","04:00","-1.3","","-3.0","","88","","","","21","","4","","16.1","","97.23","","","","-3","","NA"
"-111.22","56.65","FORT MCMURRAY A","3062697","2011-10-25 05:00","2011","10","25","05:00","-2.3","","-3.5","","91","","","","","","0","","16.1","","97.26","","","","","","NA"
"-111.22","56.65","FORT MCMURRAY A","3062697","2011-10-25 06:00","2011","10","25","06:00","-3.2","","-4.2","","93","","","","23","","8","","16.1","","97.30","","","","-6","","NA"
"-111.22","56.65","FORT MCMURRAY A","3062697","2011-10-25 07:00","2011","10","25","07:00","-1.7","","-3.3","","89","","","","22","","11","","16.1","","97.34","","","","-6","","NA"
"-111.22","56.65","FORT MCMURRAY A","3062697","2011-10-25 08:00","2011","10","25","08:00","-1.2","","-3.1","","87","","","","24","","13","","16.1","","97.39","","","","-5","","NA"
"-111.22","56.65","FORT MCMURRAY A","3062697","2011-10-25 09:00","2011","10","25","09:00","-0.9","","-2.9","","86","","","","24","","13","","16.1","","97.44","","","","-5","","NA"
"-111.22","56.65","FORT MCMURRAY A","3062697","2011-10-25 10:00","2011","10","25","10:00","1.2","","-1.7","","81","","","","24","","13","","16.1","","97.48","","","","","","NA"
"-111.22","56.65","FORT MCMURRAY A","3062697","2011-10-25 11:00","2011","10","25","11:00","1.8","","-1.4","","79","","","","26","","13","","16.1","","97.52","","","","","","NA"
"-111.22","56.65","FORT MCMURRAY A","3062697","2011-10-25 12:00","2011","10","25","12:00","3.5","","-1.8","","68","","","","26","","9","","16.1","","97.56","","","","","","NA"
"-111.22","56.65","FORT MCMURRAY A","3062697","2011-10-25 13:00","2011","10","25","13:00","3.7","","-1.5","","69","","","","24","","4","","16.1","","97.57","","","","","","NA"
"-111.22","56.65","FORT MCMURRAY A","3062697","2011-10-25 14:00","2011","10","25","14:00","5.8","","-1.2","","61","","","","33","","8","","16.1","","97.54","","","","","","NA"
"-111.22","56.65","FORT MCMURRAY A","3062697","2011-10-25 15:00","2011","10","25","15:00","6.5","","-0.8","","60","","","","33","","11","","16.1","","97.53","","","","","","NA"
"-111.22","56.65","FORT MCMURRAY A","3062697","2011-10-25 16:00","2011","10","25","16:00","6.9","","-1.5","","55","","","","26","","17","","16.1","","97.55","","","","","","NA"
"-111.22","56.65","FORT MCMURRAY A","3062697","2011-10-25 17:00","2011","10","25","17:00","6.4","","-1.7","","56","","","","31","","11","","16.1","","97.58","","","","","","NA"
"-111.22","56.65","FORT MCMURRAY A","3062697","2011-10-25 18:00","2011","10","25","18:00","5.2","","-2.4","","58","","","","26","","11","","16.1","","97.61","","","","","","NA"
"-111.22","56.65","FORT MCMURRAY A","3062697","2011-10-25 19:00","2011","10","25","19:00","3.1","","-3.1","","64","","","","26","","11","","16.1","","97.62","","","","","","NA"
"-111.22","56.65","FORT MCMURRAY A","3062697","2011-10-25 20:00","2011","10","25","20:00","1.2","","-3.7","","70","","","","24","","9","","16.1","","97.64","","","","","","NA"
"-111.22","56.65","FORT MCMURRAY A","3062697","2011-10-25 21:00","2011","10","25","21:00","-0.2","","-2.8","","83","","","","","","0","","16.1","","97.64","","","","","","NA"
"-111.22","56.65","FORT MCMURRAY A","3062697","2011-10-25 22:00","2011","10","25","22:00","-0.9","","-4.2","","78","","","","","M","4","","16.1","","97.63","","","","-2","","NA"
"-111.22","56.65","FORT MCMURRAY A","3062697","2011-10-25 23:00","2011","10","25","23:00","-1.0","","-4.8","","75","","","","","M","4","","16.1","","97.61","","","","-2","","NA"
"-111.22","56.65","FORT MCMURRAY A","3062697","2011-10-26 00:00","2011","10","26","00:00","-1.2","","-4.6","","78","","","","","","0","","16.1","","97.57","","","","","","NA"
"-111.22","56.65","FORT MCMURRAY A","3062697","2011-10-26 01:00","2011","10","26","01:00","-3.0","","-4.4","","90","","","","","","0","","16.1","","97.51","","","","","","NA"
"-111.22","56.65","FORT MCMURRAY A","3062697","2011-10-26 02:00","2011","10","26","02:00","-3.4","","-4.8","","90","","","","","","0","","16.1","","97.51","","","","","","NA"
"-111.22","56.65","FORT MCMURRAY A","3062697","2011-10-26 03:00","2011","10","26","03:00","-3.0","","-4.9","","87","","","","11","","5","","16.1","","97.44","","","","-5","","NA"
"-111.22","56.65","FORT MCMURRAY A","3062697","2011-10-26 04:00","2011","10","26","04:00","-3.8","","-5.1","","91","","","","8","","9","","16.1","","97.37","","","","-8","","NA"
"-111.22","56.65","FORT MCMURRAY A","3062697","2011-10-26 05:00","2011","10","26","05:00","-4.9","","-5.9","","93","","","","10","","8","","16.1","","97.31","","","","-8","","NA"
"-111.22","56.65","FORT MCMURRAY A","3062697","2011-10-26 06:00","2011","10","26","06:00","-5.3","","-6.2","","93","","","","9","","8","","16.1","","97.22","","","","-9","","NA"
"-111.22","56.65","FORT MCMURRAY A","3062697","2011-10-26 07:00","2011","10","26","07:00","-5.2","","-6.6","","90","","","","13","","8","","16.1","","97.10","","","","-9","","NA"
"-111.22","56.65","FORT MCMURRAY A","3062697","2011-10-26 08:00","2011","10","26","08:00","-5.4","","-6.4","","93","","","","14","","11","","16.1","","97.01","","","","-10","","NA"
"-111.22","56.65","FORT MCMURRAY A","3062697","2011-10-26 09:00","2011","10","26","09:00","-1.7","","-5.0","","78","","","","13","","11","","16.1","","96.91","","","","-6","","NA"
"-111.22","56.65","FORT MCMURRAY A","3062697","2011-10-26 10:00","2011","10","26","10:00","1.8","","-3.9","","66","","","","","M","","M","16.1","","96.77","","","","","","NA"
"-111.22","56.65","FORT MCMURRAY A","3062697","2011-10-26 11:00","2011","10","26","11:00","5.1","","-3.7","","53","","","","15","","8","","16.1","","96.63","","","","","","NA"
"-111.22","56.65","FORT MCMURRAY A","3062697","2011-10-26 12:00","2011","10","26","12:00","7.5","","-6.6","","36","","","","20","","13","","16.1","","96.52","","","","","","NA"
"-111.22","56.65","FORT MCMURRAY A","3062697","2011-10-26 13:00","2011","10","26","13:00","8.8","","-6.8","","32","","","","20","","24","","16.1","","96.36","","","","","","NA"
"-111.22","56.65","FORT MCMURRAY A","3062697","2011-10-26 14:00","2011","10","26","14:00","8.7","","-7.1","","32","","","","18","","28","","16.1","","96.21","","","","","","NA"
"-111.22","56.65","FORT MCMURRAY A","3062697","2011-10-26 15:00","2011","10","26","15:00","9.1","","-8.0","","29","","","","19","","21","","16.1","","96.09","","","","","","NA"
"-111.22","56.65","FORT MCMURRAY A","3062697","2011-10-26 16:00","2011","10","26","16:00","8.9","","-8.6","","28","","","","20","","15","","16.1","","95.97","","","","","","NA"
"-111.22","56.65","FORT MCMURRAY A","3062697","2011-10-26 17:00","2011","10","26","17:00","8.4","","-8.8","","29","","","","21","","15","","16.1","","95.94","","","","","","NA"
"-111.22","56.65","FORT MCMURRAY A","3062697","2011-10-26 18:00","2011","10","26","18:00","7.6","","-8.4","","31","","","","19","","11","","16.1","","95.88","","","","","","NA"
"-111.22","56.65","FORT MCMURRAY A","3062697","2011-10-26 19:00","2011","10","26","19:00","7.4","","-7.0","","35","","","","24","","21","","16.1","","95.86","","","","","","NA"
"-111.22","56.65","FORT MCMURRAY A","3062697","2011-10-26 20:00","2011","10","26","20:00","4.2","","0.5","","77","","","","22","","13","","16.1","","95.83","","","","","","NA"
"-111.22","56.65","FORT MCMURRAY A","3062697","2011-10-26 21:00","2011","10","26","21:00","3.5","","0.4","","80","","","","18","","15","","16.1","","95.73","","","","","","NA"
"-111.22","56.65","FORT MCMURRAY A","3062697","2011-10-26 22:00","2011","10","26","22:00","3.8","","0.7","","80","","","","","","0","","16.1","","95.68","","","","","","NA"
"-111.22","56.65","FORT MCMURRAY A","3062697","2011-10-26 23:00","2011","10","26","23:00","4.0","","0.4","","77","","","","22","","9","","16.1","","95.64","","","","","","NA"
"-111.22","56.65","FORT MCMURRAY A","3062697","2011-10-27 00:00","2011","10","27","00:00","4.4","","-0.4","","71","","","","24","","15","","16.1","","95.63","","","","","","NA"
"-111.22","56.65","FORT MCMURRAY A","3062697","2011-10-27 01:00","2011","10","27","01:00","4.0","","-1.1","","70","","","","24","","24","","16.1","","95.64","","","","","","NA"
"-111.22","56.65","FORT MCMURRAY A","3062697","2011-10-27 02:00","2011","10","27","02:00","3.4","","-1.9","","68","","","","24","","21","","16.1","","95.65","","","","","","NA"
"-111.22","56.65","FORT MCMURRAY A","3062697","2011-10-27 03:00","2011","10","27","03:00","2.6","","-2.3","","70","","","","24","","21","","16.1","","95.73","","","","","","NA"
"-111.22","56.65","FORT MCMURRAY A","3062697","2011-10-27 04:00","2011","10","27","04:00","2.4","","-2.3","","71","","","","25","","15","","16.1","","95.78","","","","","","NA"
"-111.22","56.65","FORT MCMURRAY A","3062697","2011-10-27 05:00","2011","10","27","05:00","2.4","","-2.9","","68","","","","25","","13","","16.1","","95.84","","","","","","NA"
"-111.22","56.65","FORT MCMURRAY A","3062697","2011-10-27 06:00","2011","10","27","06:00","1.7","","-3.4","","69","","","","23","","13","","16.1","","95.88","","","","","","NA"
"-111.22","56.65","FORT MCMURRAY A","3062697","2011-10-27 07:00","2011","10","27","07:00","1.0","","-3.8","","71","","","","23","","13","","16.1","","95.88","","","","","","NA"
"-111.22","56.65","FORT MCMURRAY A","3062697","2011-10-27 08:00","2011","10","27","08:00","-0.1","","-3.9","","76","","","","24","","13","","16.1","","95.93","","","","-4","","NA"
"-111.22","56.65","FORT MCMURRAY A","3062697","2011-10-27 09:00","2011","10","27","09:00","0.8","","-3.8","","71","","","","25","","17","","16.1","","96.00","","","","","","NA"
"-111.22","56.65","FORT MCMURRAY A","3062697","2011-10-27 10:00","2011","10","27","10:00","1.7","","-4.0","","66","","","","27","","21","","16.1","","96.03","","","","","","NA"
"-111.22","56.65","FORT MCMURRAY A","3062697","2011-10-27 11:00","2011","10","27","11:00","3.7","","-4.0","","57","","","","25","","33","","16.1","","96.08","","","","","","NA"
"-111.22","56.65","FORT MCMURRAY A","3062697","2011-10-27 12:00","2011","10","27","12:00","5.5","","-4.0","","50","","","","26","","33","","16.1","","96.14","","","","","","NA"
"-111.22","56.65","FORT MCMURRAY A","3062697","2011-10-27 13:00","2011","10","27","13:00","7.0","","-4.3","","44","","","","26","","30","","16.1","","96.17","","","","","","NA"
"-111.22","56.65","FORT MCMURRAY A","3062697","2011-10-27 14:00","2011","10","27","14:00","7.8","","-4.5","","42","","","","28","","41","","16.1","","96.19","","","","","","NA"
"-111.22","56.65","FORT MCMURRAY A","3062697","2011-10-27 15:00","2011","10","27","15:00","7.8","","-4.7","","41","","","","29","","41","","16.1","","96.27","","","","","","NA"
"-111.22","56.65","FORT MCMURRAY A","3062697","2011-10-27 16:00","2011","10","27","16:00","8.0","","-5.2","","39","","","","29","","37","","16.1","","96.34","","","","","","NA"
"-111.22","56.65","FORT MCMURRAY A","3062697","2011-10-27 17:00","2011","10","27","17:00","7.5","","-4.5","","42","","","","28","","26","","16.1","","96.42","","","","","","NA"
"-111.22","56.65","FORT MCMURRAY A","3062697","2011-10-27 18:00","2011","10","27","18:00","6.5","","-4.2","","46","","","","28","","22","","16.1","","96.51","","","","","","NA"
"-111.22","56.65","FORT MCMURRAY A","3062697","2011-10-27 19:00","2011","10","27","19:00","5.7","","-4.7","","47","","","","28","","24","","16.1","","96.60","","","","","","NA"
"-111.22","56.65","FORT MCMURRAY A","3062697","2011-10-27 20:00","2011","10","27","20:00","4.0","","-4.8","","53","","","","25","","15","","16.1","","96.67","","","","","","NA"
"-111.22","56.65","FORT MCMURRAY A","3062697","2011-10-27 21:00","2011","10","27","21:00","3.9","","-4.6","","54","","","","27","","18","","16.1","","96.71","","","","","","NA"
"-111.22","56.65","FORT MCMURRAY A","3062697","2011-10-27 22:00","2011","10","27","22:00","3.8","","-4.7","","54","","","","26","","22","","16.1","","96.76","","","","","","NA"
"-111.22","56.65","FORT MCMURRAY A","3062697","2011-10-27 23:00","2011","10","27","23:00","1.9","","-5.3","","59","","","","20","","9","","16.1","","96.83","","","","","","NA"
"-111.22","56.65","FORT MCMURRAY A","3062697","2011-10-28 00:00","2011","10","28","00:00","0.6","","-5.2","","65","","","","21","","9","","16.1","","96.87","","","","","","NA"
"-111.22","56.65","FORT MCMURRAY A","3062697","2011-10-28 01:00","2011","10","28","01:00","-0.4","","-5.4","","69","","","","19","","11","","16.1","","96.90","","","","-4","","NA"
"-111.22","56.65","FORT MCMURRAY A","3062697","2011-10-28 02:00","2011","10","28","02:00","-0.9","","-5.1","","73","","","","23","","13","","16.1","","96.95","","","","-5","","NA"
"-111.22","56.65","FORT MCMURRAY A","3062697","2011-10-28 03:00","2011","10","28","03:00","-1.7","","-5.1","","77","","","","29","","5","","16.1","","97.00","","","","-4","","NA"
"-111.22","56.65","FORT MCMURRAY A","3062697","2011-10-28 04:00","2011","10","28","04:00","-1.8","","-5.3","","77","","","","24","","8","","16.1","","97.02","","","","-5","","NA"
"-111.22","56.65","FORT MCMURRAY A","3062697","2011-10-28 05:00","2011","10","28","05:00","-2.7","","-6.0","","78","","","","21","","9","","16.1","","97.01","","","","-6","","NA"
"-111.22","56.65","FORT MCMURRAY A","3062697","2011-10-28 06:00","2011","10","28","06:00","-3.4","","-5.9","","83","","","","21","","8","","16.1","","96.98","","","","-7","","NA"
"-111.22","56.65","FORT MCMURRAY A","3062697","2011-10-28 07:00","2011","10","28","07:00","-4.6","","-5.7","","92","","","","9","","4","","16.1","","96.95","","","","-6","","NA"
"-111.22","56.65","FORT MCMURRAY A","3062697","2011-10-28 08:00","2011","10","28","08:00","-5.0","","-6.3","","91","","","","11","","9","","16.1","","96.94","","","","-9","","NA"
"-111.22","56.65","FORT MCMURRAY A","3062697","2011-10-28 09:00","2011","10","28","09:00","-5.2","","-6.9","","88","","","","13","","5","","16.1","","96.88","","","","-7","","NA"
"-111.22","56.65","FORT MCMURRAY A","3062697","2011-10-28 10:00","2011","10","28","10:00","-2.9","","-5.3","","84","","","","13","","4","","16.1","","96.84","","","","-4","","NA"
"-111.22","56.65","FORT MCMURRAY A","3062697","2011-10-28 11:00","2011","10","28","11:00","-0.9","","-4.6","","76","","","","12","","5","","16.1","","96.83","","","","-3","","NA"
"-111.22","56.65","FORT MCMURRAY A","3062697","2011-10-28 12:00","2011","10","28","12:00","0.9","","-3.9","","70","","","","10","","8","","16.1","","96.74","","","","","","NA"
"-111.22","56.65","FORT MCMURRAY A","3062697","2011-10-28 13:00","2011","10","28","13:00","1.8","","-4.0","","65","","","","5","","8","","16.1","","96.60","","","","","","NA"
"-111.22","56.65","FORT MCMURRAY A","3062697","2011-10-28 14:00","2011","10","28","14:00","4.8","","-4.1","","53","","","","12","","17","","16.1","","96.49","","","","","","NA"
"-111.22","56.65","FORT MCMURRAY A","3062697","2011-10-28 15:00","2011","10","28","15:00","5.9","","-4.1","","49","","","","12","","22","","16.1","","96.34","","","","","","NA"
"-111.22","56.65","FORT MCMURRAY A","3062697","2011-10-28 16:00","2011","10","28","16:00","5.7","","-4.5","","48","","","","13","","26","","16.1","","96.17","","","","","","NA"
"-111.22","56.65","FORT MCMURRAY A","3062697","2011-10-28 17:00","2011","10","28","17:00","4.9","","-3.9","","53","","","","12","","11","","16.1","","96.16","","","","","","NA"
"-111.22","56.65","FORT MCMURRAY A","3062697","2011-10-28 18:00","2011","10","28","18:00","3.8","","-3.8","","58","","","","10","","11","","16.1","","96.08","","","","","","NA"
"-111.22","56.65","FORT MCMURRAY A","3062697","2011-10-28 19:00","2011","10","28","19:00","4.1","","-3.9","","56","","","","10","","15","","16.1","","96.00","","","","","","NA"
"-111.22","56.65","FORT MCMURRAY A","3062697","2011-10-28 20:00","2011","10","28","20:00","4.4","","-3.9","","55","","","","11","","18","","16.1","","95.89","","","","","","NA"
"-111.22","56.65","FORT MCMURRAY A","3062697","2011-10-28 21:00","2011","10","28","21:00","4.8","","-4.3","","52","","","","14","","11","","16.1","","95.87","","","","","","NA"
"-111.22","56.65","FORT MCMURRAY A","3062697","2011-10-28 22:00","2011","10","28","22:00","4.4","","-4.6","","52","","","","13","","13","","16.1","","95.79","","","","","","NA"
"-111.22","56.65","FORT MCMURRAY A","3062697","2011-10-28 23:00","2011","10","28","23:00","3.9","","-4.6","","54","","","","13","","13","","16.1","","95.72","","","","","","NA"
"-111.22","56.65","FORT MCMURRAY A","3062697","2011-10-29 00:00","2011","10","29","00:00","3.8","","-4.8","","53","","","","13","","11","","16.1","","95.66","","","","","","NA"
"-111.22","56.65","FORT MCMURRAY A","3062697","2011-10-29 01:00","2011","10","29","01:00","3.2","","-4.6","","57","","","","13","","8","","16.1","","95.64","","","","","","NA"
"-111.22","56.65","FORT MCMURRAY A","3062697","2011-10-29 02:00","2011","10","29","02:00","2.9","","-4.5","","58","","","","13","","9","","16.1","","95.62","","","","","","NA"
"-111.22","56.65","FORT MCMURRAY A","3062697","2011-10-29 03:00","2011","10","29","03:00","2.4","","-4.0","","63","","","","11","","8","","16.1","","95.62","","","","","","NA"
"-111.22","56.65","FORT MCMURRAY A","3062697","2011-10-29 04:00","2011","10","29","04:00","1.8","","-3.9","","66","","","","11","","5","","16.1","","95.65","","","","","","NA"
"-111.22","56.65","FORT MCMURRAY A","3062697","2011-10-29 05:00","2011","10","29","05:00","2.2","","-4.2","","63","","","","12","","9","","16.1","","95.66","","","","","","NA"
"-111.22","56.65","FORT MCMURRAY A","3062697","2011-10-29 06:00","2011","10","29","06:00","2.0","","-3.7","","66","","","","11","","4","","16.1","","95.73","","","","","","NA"
"-111.22","56.65","FORT MCMURRAY A","3062697","2011-10-29 07:00","2011","10","29","07:00","1.0","","-4.1","","69","","","","13","","5","","16.1","","95.71","","","","","","NA"
"-111.22","56.65","FORT MCMURRAY A","3062697","2011-10-29 08:00","2011","10","29","08:00","0.0","","-4.6","","71","","","","23","","9","","16.1","","95.75","","","","-3","","NA"
"-111.22","56.65","FORT MCMURRAY A","3062697","2011-10-29 09:00","2011","10","29","09:00","0.6","","-3.5","","74","","","","20","","5","","16.1","","95.85","","","","","","NA"
"-111.22","56.65","FORT MCMURRAY A","3062697","2011-10-29 10:00","2011","10","29","10:00","2.0","","-2.5","","72","","","","23","","9","","16.1","","95.89","","","","","","NA"
"-111.22","56.65","FORT MCMURRAY A","3062697","2011-10-29 11:00","2011","10","29","11:00","3.1","","-2.0","","69","","","","26","","15","","16.1","","95.95","","","","","","NA"
"-111.22","56.65","FORT MCMURRAY A","3062697","2011-10-29 12:00","2011","10","29","12:00","5.0","","-1.9","","61","","","","27","","21","","16.1","","96.00","","","","","","NA"
"-111.22","56.65","FORT MCMURRAY A","3062697","2011-10-29 13:00","2011","10","29","13:00","6.2","","-2.0","","56","","","","25","","21","","16.1","","96.07","","","","","","NA"
"-111.22","56.65","FORT MCMURRAY A","3062697","2011-10-29 14:00","2011","10","29","14:00","7.3","","-1.7","","53","","","","28","","22","","16.1","","96.14","","","","","","NA"
"-111.22","56.65","FORT MCMURRAY A","3062697","2011-10-29 15:00","2011","10","29","15:00","7.5","","-1.3","","54","","","","30","","22","","16.1","","96.22","","","","","","NA"
"-111.22","56.65","FORT MCMURRAY A","3062697","2011-10-29 16:00","2011","10","29","16:00","7.1","","-1.2","","55","","","","32","","22","","16.1","","96.31","","","","","","NA"
"-111.22","56.65","FORT MCMURRAY A","3062697","2011-10-29 17:00","2011","10","29","17:00","6.2","","-1.2","","59","","","","31","","15","","16.1","","96.40","","","","","","NA"
"-111.22","56.65","FORT MCMURRAY A","3062697","2011-10-29 18:00","2011","10","29","18:00","4.1","","-1.5","","67","","","","26","","8","","16.1","","96.45","","","","","","NA"
"-111.22","56.65","FORT MCMURRAY A","3062697","2011-10-29 19:00","2011","10","29","19:00","2.3","","-1.8","","74","","","","","","0","","16.1","","96.46","","","","","","NA"
"-111.22","56.65","FORT MCMURRAY A","3062697","2011-10-29 20:00","2011","10","29","20:00","0.8","","-2.6","","78","","","","21","","9","","16.1","","96.49","","","","","","NA"
"-111.22","56.65","FORT MCMURRAY A","3062697","2011-10-29 21:00","2011","10","29","21:00","0.6","","-3.0","","77","","","","19","","11","","16.1","","96.48","","","","","","NA"
"-111.22","56.65","FORT MCMURRAY A","3062697","2011-10-29 22:00","2011","10","29","22:00","-1.6","","-3.7","","86","","","","","M","4","","16.1","","96.52","","","","-3","","NA"
"-111.22","56.65","FORT MCMURRAY A","3062697","2011-10-29 23:00","2011","10","29","23:00","-0.8","","-3.8","","80","","","","","M","4","","16.1","","96.52","","","","-2","","NA"
"-111.22","56.65","FORT MCMURRAY A","3062697","2011-10-30 00:00","2011","10","30","00:00","0.1","","-3.8","","75","","","","20","","5","","16.1","","96.49","","","","","","NA"
"-111.22","56.65","FORT MCMURRAY A","3062697","2011-10-30 01:00","2011","10","30","01:00","-1.2","","-4.1","","81","","","","","M","4","","16.1","","96.45","","","","-3","","NA"
"-111.22","56.65","FORT MCMURRAY A","3062697","2011-10-30 02:00","2011","10","30","02:00","0.8","","-3.9","","71","","","","21","","8","","16.1","","96.45","","","","","","NA"
"-111.22","56.65","FORT MCMURRAY A","3062697","2011-10-30 03:00","2011","10","30","03:00","-3.1","","-5.0","","87","","","","9","","4","","16.1","","96.39","","","","-5","","NA"
"-111.22","56.65","FORT MCMURRAY A","3062697","2011-10-30 04:00","2011","10","30","04:00","-3.3","","-5.3","","86","","","","","","0","","16.1","","96.36","","","","","","NA"
"-111.22","56.65","FORT MCMURRAY A","3062697","2011-10-30 05:00","2011","10","30","05:00","-4.3","","-5.8","","90","","","","","M","4","","16.1","","96.30","","","","-6","","NA"
"-111.22","56.65","FORT MCMURRAY A","3062697","2011-10-30 06:00","2011","10","30","06:00","-3.4","","-5.3","","87","","","","10","","5","","16.1","","96.20","","","","-5","","NA"
"-111.22","56.65","FORT MCMURRAY A","3062697","2011-10-30 07:00","2011","10","30","07:00","-2.6","","-4.5","","87","","","","10","","11","","16.1","","96.12","","","","-7","","NA"
"-111.22","56.65","FORT MCMURRAY A","3062697","2011-10-30 08:00","2011","10","30","08:00","-2.0","","-3.9","","87","","","","9","","9","","16.1","","96.04","","","","-5","","NA"
"-111.22","56.65","FORT MCMURRAY A","3062697","2011-10-30 09:00","2011","10","30","09:00","-1.2","","-3.6","","84","","","","10","","8","","16.1","","95.98","","","","-4","","NA"
"-111.22","56.65","FORT MCMURRAY A","3062697","2011-10-30 10:00","2011","10","30","10:00","0.2","","-2.4","","83","","","","9","","8","","16.1","","95.89","","","","","","NA"
"-111.22","56.65","FORT MCMURRAY A","3062697","2011-10-30 11:00","2011","10","30","11:00","1.0","","-2.0","","80","","","","11","","8","","16.1","","95.87","","","","","","NA"
"-111.22","56.65","FORT MCMURRAY A","3062697","2011-10-30 12:00","2011","10","30","12:00","8.3","","-2.9","","45","","","","21","","11","","16.1","","95.72","","","","","","NA"
"-111.22","56.65","FORT MCMURRAY A","3062697","2011-10-30 13:00","2011","10","30","13:00","8.6","","-3.7","","42","","","","19","","9","","16.1","","95.67","","","","","","NA"
"-111.22","56.65","FORT MCMURRAY A","3062697","2011-10-30 14:00","2011","10","30","14:00","10.9","","-2.5","","39","","","","23","","21","","16.1","","95.55","","","","","","NA"
"-111.22","56.65","FORT MCMURRAY A","3062697","2011-10-30 15:00","2011","10","30","15:00","12.3","","-1.3","","39","","","","23","","24","","16.1","","95.47","","","","","","NA"
"-111.22","56.65","FORT MCMURRAY A","3062697","2011-10-30 16:00","2011","10","30","16:00","12.2","","-1.0","","40","","","","23","","18","","16.1","","95.42","","","","","","NA"
"-111.22","56.65","FORT MCMURRAY A","3062697","2011-10-30 17:00","2011","10","30","17:00","11.8","","-0.7","","42","","","","22","","9","","16.1","","95.39","","","","","","NA"
"-111.22","56.65","FORT MCMURRAY A","3062697","2011-10-30 18:00","2011","10","30","18:00","9.2","","-0.9","","49","","","","20","","8","","16.1","","95.40","","","","","","NA"
"-111.22","56.65","FORT MCMURRAY A","3062697","2011-10-30 19:00","2011","10","30","19:00","7.5","","-1.5","","53","","","","22","","13","","16.1","","95.41","","","","","","NA"
"-111.22","56.65","FORT MCMURRAY A","3062697","2011-10-30 20:00","2011","10","30","20:00","6.0","","-1.6","","58","","","","22","","11","","16.1","","95.45","","","","","","NA"
"-111.22","56.65","FORT MCMURRAY A","3062697","2011-10-30 21:00","2011","10","30","21:00","7.2","","-1.6","","53","","","","24","","18","","16.1","","95.46","","","","","","NA"
"-111.22","56.65","FORT MCMURRAY A","3062697","2011-10-30 22:00","2011","10","30","22:00","7.0","","-1.0","","57","","","","25","","22","","16.1","","95.54","","","","","","NA"
"-111.22","56.65","FORT MCMURRAY A","3062697","2011-10-30 23:00","2011","10","30","23:00","5.1","","-1.0","","65","","","","26","","13","","16.1","","95.66","","","","","","NA"
"-111.22","56.65","FORT MCMURRAY A","3062697","2011-10-31 00:00","2011","10","31","00:00","3.9","","-1.1","","70","","","","25","","15","","16.1","","95.69","","","","","","NA"
"-111.22","56.65","FORT MCMURRAY A","3062697","2011-10-31 01:00","2011","10","31","01:00","2.6","","-1.2","","76","","","","24","","8","","16.1","","95.75","","","","","","NA"
"-111.22","56.65","FORT MCMURRAY A","3062697","2011-10-31 02:00","2011","10","31","02:00","1.8","","-1.5","","79","","","","23","","13","","16.1","","95.76","","","","","","NA"
"-111.22","56.65","FORT MCMURRAY A","3062697","2011-10-31 03:00","2011","10","31","03:00","1.3","","-1.9","","79","","","","22","","18","","16.1","","95.78","","","","","","NA"
"-111.22","56.65","FORT MCMURRAY A","3062697","2011-10-31 04:00","2011","10","31","04:00","1.4","","-2.8","","74","","","","22","","13","","16.1","","95.80","","","","","","NA"
"-111.22","56.65","FORT MCMURRAY A","3062697","2011-10-31 05:00","2011","10","31","05:00","0.5","","-3.4","","75","","","","23","","9","","16.1","","95.81","","","","","","NA"
"-111.22","56.65","FORT MCMURRAY A","3062697","2011-10-31 06:00","2011","10","31","06:00","-0.3","","-3.9","","77","","","","23","","15","","16.1","","95.81","","","","-5","","NA"
"-111.22","56.65","FORT MCMURRAY A","3062697","2011-10-31 07:00","2011","10","31","07:00","0.2","","-3.7","","75","","","","22","","11","","16.1","","95.84","","","","","","NA"
"-111.22","56.65","FORT MCMURRAY A","3062697","2011-10-31 08:00","2011","10","31","08:00","-0.4","","-4.0","","77","","","","23","","15","","16.1","","95.85","","","","-5","","NA"
"-111.22","56.65","FORT MCMURRAY A","3062697","2011-10-31 09:00","2011","10","31","09:00","-0.2","","-3.9","","76","","","","23","","15","","16.1","","95.87","","","","-5","","NA"
"-111.22","56.65","FORT MCMURRAY A","3062697","2011-10-31 10:00","2011","10","31","10:00","1.2","","-3.4","","71","","","","24","","17","","16.1","","95.90","","","","","","NA"
"-111.22","56.65","FORT MCMURRAY A","3062697","2011-10-31 11:00","2011","10","31","11:00","3.0","","-3.0","","65","","","","24","","17","","16.1","","95.93","","","","","","NA"
"-111.22","56.65","FORT MCMURRAY A","3062697","2011-10-31 12:00","2011","10","31","12:00","4.2","","-2.8","","60","","","","25","","17","","16.1","","95.93","","","","","","NA"
"-111.22","56.65","FORT MCMURRAY A","3062697","2011-10-31 13:00","2011","10","31","13:00","5.7","","-2.9","","54","","","","27","","18","","16.1","","95.93","","","","","","NA"
"-111.22","56.65","FORT MCMURRAY A","3062697","2011-10-31 14:00","2011","10","31","14:00","6.7","","-3.3","","49","","","","24","","17","","16.1","","95.92","","","","","","NA"
"-111.22","56.65","FORT MCMURRAY A","3062697","2011-10-31 15:00","2011","10","31","15:00","7.4","","-3.3","","47","","","","26","","18","","16.1","","95.93","","","","","","NA"
"-111.22","56.65","FORT MCMURRAY A","3062697","2011-10-31 16:00","2011","10","31","16:00","7.8","","-3.3","","45","","","","26","","18","","16.1","","95.97","","","","","","NA"
"-111.22","56.65","FORT MCMURRAY A","3062697","2011-10-31 17:00","2011","10","31","17:00","6.9","","-3.2","","48","","","","27","","15","","16.1","","96.02","","","","","","NA"
"-111.22","56.65","FORT MCMURRAY A","3062697","2011-10-31 18:00","2011","10","31","18:00","6.0","","-3.1","","52","","","","26","","11","","16.1","","96.11","","","","","","NA"
"-111.22","56.65","FORT MCMURRAY A","3062697","2011-10-31 19:00","2011","10","31","19:00","4.4","","-3.4","","57","","","","25","","9","","16.1","","96.17","","","","","","NA"
"-111.22","56.65","FORT MCMURRAY A","3062697","2011-10-31 20:00","2011","10","31","20:00","5.0","","-3.3","","55","","","","28","","18","","16.1","","96.23","","","","","","NA"
"-111.22","56.65","FORT MCMURRAY A","3062697","2011-10-31 21:00","2011","10","31","21:00","4.3","","-2.8","","60","","","","29","","21","","16.1","","96.30","","","","","","NA"
"-111.22","56.65","FORT MCMURRAY A","3062697","2011-10-31 22:00","2011","10","31","22:00","4.1","","-0.9","","70","","","","29","","26","","16.1","","96.35","","","","","","NA"
"-111.22","56.65","FORT MCMURRAY A","3062697","2011-10-31 23:00","2011","10","31","23:00","2.6","","-0.3","","81","","","","29","","21","","16.1","","96.44","","","","","","NA"
